Gender,Married,Education,Self_Employed,1,2,3+,Semiurban,Urban,Credit_History,ApplicantIncome,CoApplicantIncome,LoanAmount,120.0,180.0,240.0,300.0,360.0,480.0
1.0,1.0,0.0,0.0,0.0,0.0,0.0,1.0,0.0,1.0,-0.47832385437544483,0.15689414930225143,-0.381115014953763,0.0,0.0,0.0,0.0,1.0,0.0
1.0,0.0,0.0,0.0,0.0,0.0,1.0,0.0,0.0,1.0,0.5829136193829036,-0.5302134361102985,0.47828159073845844,0.0,0.0,0.0,0.0,1.0,0.0
1.0,1.0,0.0,0.0,1.0,0.0,0.0,0.0,0.0,1.0,-0.5752419508410366,0.1775042060866611,-0.4793317698900169,0.0,0.0,0.0,0.0,1.0,0.0
1.0,1.0,0.0,1.0,0.0,1.0,0.0,1.0,0.0,1.0,0.08624758134644887,-0.5302134361102985,0.7238234780790932,0.0,0.0,1.0,0.0,0.0,0.0
0.0,0.0,0.0,0.0,0.0,0.0,0.0,1.0,0.0,0.0,-0.5194121088640937,-0.5302134361102985,-0.5775485248262708,0.0,0.0,0.0,0.0,1.0,0.0
1.0,1.0,0.0,0.0,0.0,0.0,0.0,0.0,1.0,1.0,9.078145473009288,-0.5302134361102985,4.222795372683138,0.0,1.0,0.0,0.0,0.0,0.0
1.0,0.0,1.0,0.0,0.0,0.0,0.0,0.0,0.0,0.0,0.09330472429297255,-0.5302134361102985,-0.381115014953763,0.0,0.0,0.0,0.0,1.0,0.0
1.0,0.0,0.0,1.0,0.0,0.0,0.0,0.0,0.0,1.0,0.14897774087110374,-0.5302134361102985,0.6624380062439345,0.0,0.0,0.0,0.0,1.0,0.0
1.0,0.0,0.0,1.0,0.0,0.0,1.0,1.0,0.0,1.0,0.6127104451571147,-0.5302134361102985,1.791930688010854,0.0,0.0,0.0,0.0,1.0,0.0
0.0,1.0,0.0,0.0,0.0,1.0,0.0,0.0,1.0,1.0,-0.638599411960938,0.06620989945084889,0.25729389213188725,0.0,0.0,0.0,0.0,1.0,0.0
0.0,1.0,0.0,0.0,0.0,0.0,0.0,1.0,0.0,1.0,-0.35819559888573077,-0.5302134361102985,-1.3510054699492702,0.0,0.0,0.0,0.0,1.0,0.0
1.0,1.0,0.0,1.0,0.0,1.0,0.0,0.0,0.0,1.0,0.04641393004829305,-0.5302134361102985,-0.025079278309842686,0.0,0.0,0.0,0.0,0.0,0.0
1.0,0.0,1.0,0.0,0.0,0.0,0.0,0.0,1.0,0.0,-0.4888311560958245,-0.07013355312293813,-0.5407172417251755,0.0,0.0,0.0,0.0,0.0,1.0
1.0,0.0,0.0,0.0,0.0,0.0,0.0,0.0,1.0,1.0,-0.20137020007409365,1.7559174779757583,0.4660044963714267,0.0,0.0,0.0,0.0,1.0,0.0
1.0,0.0,0.0,0.0,0.0,0.0,0.0,1.0,0.0,1.0,0.07699488281656229,0.8116597994531123,1.841039065478981,0.0,0.0,0.0,0.0,1.0,0.0
1.0,1.0,0.0,0.0,0.0,1.0,0.0,0.0,1.0,1.0,-0.3528635353261351,-0.3082589784320406,-0.9335842614701911,0.0,0.0,0.0,0.0,1.0,0.0
1.0,1.0,0.0,0.0,0.0,0.0,0.0,1.0,0.0,1.0,1.7630247454404733,-0.5302134361102985,-0.4425004867889217,0.0,0.0,0.0,0.0,1.0,0.0
1.0,0.0,0.0,1.0,1.0,0.0,0.0,0.0,0.0,1.0,-0.1188800402991725,-0.5302134361102985,-0.49160886425704864,0.0,0.0,0.0,0.0,1.0,0.0
1.0,1.0,0.0,0.0,0.0,0.0,0.0,0.0,1.0,1.0,0.04641393004829305,-0.5302134361102985,1.3376781964306799,0.0,0.0,0.0,0.0,1.0,0.0
1.0,1.0,1.0,0.0,0.0,0.0,0.0,1.0,0.0,1.0,-0.4038317899399172,0.024672708085346336,-0.5038859586240804,0.0,0.0,0.0,0.0,1.0,0.0
1.0,1.0,0.0,1.0,0.0,0.0,0.0,1.0,0.0,1.0,0.6445460011158771,-0.5302134361102985,0.5519441569406489,0.0,0.0,0.0,0.0,1.0,0.0
1.0,1.0,0.0,0.0,0.0,0.0,0.0,0.0,0.0,1.0,-0.48098988615524263,0.14769889319843788,-1.080909393874572,0.0,0.0,0.0,0.0,1.0,0.0
0.0,1.0,1.0,0.0,0.0,0.0,0.0,1.0,0.0,1.0,-0.3815625833086647,-0.31999085690931994,-0.5407172417251755,0.0,0.0,0.0,0.0,1.0,0.0
0.0,0.0,0.0,0.0,1.0,0.0,0.0,1.0,0.0,1.0,-0.2993860743313668,-0.5302134361102985,-0.4179462980548582,0.0,0.0,0.0,0.0,1.0,0.0
1.0,0.0,0.0,0.0,0.0,0.0,0.0,0.0,0.0,1.0,0.517517428078451,0.7910497426687026,1.988364197883362,0.0,0.0,0.0,0.0,1.0,0.0
1.0,0.0,0.0,0.0,0.0,0.0,0.0,0.0,0.0,1.0,-0.41041845669000593,0.05860003233045148,-0.24606697691641394,0.0,0.0,0.0,0.0,1.0,0.0
1.0,1.0,0.0,0.0,0.0,0.0,1.0,0.0,0.0,1.0,-0.31114797924223964,0.556729250919799,0.048583287892347726,0.0,0.0,0.0,0.0,1.0,0.0
1.0,1.0,0.0,0.0,0.0,0.0,0.0,1.0,0.0,1.0,0.03841583470889955,0.7910497426687026,0.3555106470681411,0.0,0.0,0.0,0.0,1.0,0.0
1.0,1.0,0.0,0.0,0.0,0.0,0.0,1.0,0.0,1.0,0.043277422072060305,0.9267590396491232,1.3745094795317752,0.0,0.0,0.0,0.0,1.0,0.0
1.0,1.0,0.0,1.0,1.0,0.0,0.0,1.0,0.0,1.0,1.7591041104701823,0.18321160642695916,-0.7371507515976834,0.0,0.0,0.0,0.0,1.0,0.0
0.0,0.0,0.0,0.0,0.0,0.0,0.0,0.0,1.0,1.0,-0.4626413144942811,-0.5302134361102985,-0.9704155445712863,0.0,0.0,0.0,0.0,1.0,0.0
1.0,1.0,1.0,0.0,0.0,0.0,0.0,0.0,1.0,1.0,0.09142281950723291,-0.5302134361102985,0.17135423156266508,0.0,0.0,0.0,0.0,1.0,0.0
1.0,0.0,1.0,1.0,1.0,0.0,0.0,0.0,1.0,0.0,-0.21909147013980862,0.23901729864320687,0.14680004282860162,0.0,0.0,0.0,0.0,1.0,0.0
1.0,1.0,0.0,0.0,0.0,0.0,0.0,0.0,0.0,1.0,-0.6939587777414459,0.3490432940922862,-0.4179462980548582,0.0,0.0,0.0,0.0,1.0,0.0
1.0,1.0,1.0,0.0,0.0,0.0,1.0,1.0,0.0,1.0,-0.08139876998319122,-0.5302134361102985,-0.22151278818235046,0.0,0.0,0.0,0.0,1.0,0.0
1.0,0.0,0.0,0.0,0.0,0.0,0.0,1.0,0.0,1.0,-0.5526590934121608,0.05669756555035212,-1.1791261488108258,0.0,0.0,0.0,0.0,1.0,0.0
1.0,1.0,1.0,0.0,0.0,0.0,0.0,0.0,0.0,0.0,-0.3022089315099763,0.4939478471765203,0.0731374766264112,0.0,0.0,0.0,0.0,1.0,0.0
1.0,1.0,1.0,0.0,1.0,0.0,0.0,0.0,1.0,1.0,-0.5035727435841184,0.270090922718163,-0.22151278818235046,0.0,0.0,0.0,0.0,1.0,0.0
1.0,0.0,0.0,0.0,0.0,0.0,0.0,0.0,1.0,1.0,-0.29013337580148024,-0.5302134361102985,-0.8108133177998738,0.0,0.0,0.0,0.0,1.0,0.0
0.0,1.0,0.0,0.0,0.0,0.0,0.0,1.0,0.0,1.0,0.7209199703371444,-0.5302134361102985,-0.22151278818235046,0.0,0.0,1.0,0.0,0.0,0.0
1.0,1.0,1.0,0.0,0.0,1.0,0.0,1.0,0.0,1.0,-0.2783714708906075,-0.4534806093129579,-0.4670546755229852,0.0,0.0,0.0,0.0,1.0,0.0
1.0,1.0,0.0,0.0,0.0,1.0,0.0,1.0,0.0,1.0,0.45212123677399835,-0.5302134361102985,1.2271843471273944,0.0,0.0,0.0,0.0,1.0,0.0
1.0,0.0,1.0,1.0,1.0,0.0,0.0,1.0,0.0,1.0,-0.42045528221395073,-0.0412794736247646,0.5396670625736172,0.0,0.0,0.0,0.0,1.0,0.0
1.0,1.0,0.0,0.0,0.0,1.0,0.0,0.0,1.0,1.0,-0.009259086529838138,-0.5302134361102985,-0.19695859944828698,0.0,0.0,0.0,0.0,1.0,0.0
1.0,1.0,0.0,0.0,0.0,0.0,0.0,0.0,1.0,1.0,-0.44962480639291524,0.1404061038747237,-0.31972954311860435,0.0,0.0,0.0,0.0,1.0,0.0
1.0,1.0,0.0,0.0,0.0,0.0,0.0,1.0,0.0,1.0,-0.5203530612569636,-0.02574266158728654,-0.614379807927366,0.0,0.0,0.0,0.0,1.0,0.0
0.0,0.0,1.0,1.0,0.0,0.0,0.0,1.0,0.0,1.0,1.8525720481619181,-0.5302134361102985,0.9693653654197278,0.0,0.0,0.0,0.0,1.0,0.0
1.0,1.0,1.0,1.0,0.0,1.0,0.0,1.0,0.0,1.0,-0.5606571887515543,0.06430743267074954,-0.6021027135603343,0.0,0.0,0.0,0.0,1.0,0.0
0.0,0.0,0.0,1.0,0.0,0.0,0.0,0.0,0.0,1.0,0.312232981034018,-0.5302134361102985,0.5887754400417441,0.0,0.0,0.0,0.0,1.0,0.0
0.0,0.0,0.0,0.0,0.0,0.0,0.0,0.0,1.0,1.0,-0.5706940142754992,-0.001961826836044617,-1.1300177713426989,0.0,0.0,0.0,0.0,1.0,0.0
1.0,1.0,0.0,0.0,0.0,0.0,0.0,1.0,0.0,1.0,-0.3908152818385513,0.3893121742710558,-0.18468150508125525,0.0,0.0,0.0,0.0,1.0,0.0
0.0,1.0,0.0,0.0,0.0,0.0,0.0,0.0,0.0,1.0,-0.13597400876964094,-0.5302134361102985,-0.4179462980548582,0.0,0.0,0.0,0.0,1.0,0.0
1.0,1.0,0.0,0.0,0.0,0.0,0.0,0.0,0.0,1.0,-0.2996997251289901,-0.09391438787418005,-1.117740676975667,0.0,0.0,0.0,0.0,1.0,0.0
1.0,1.0,1.0,0.0,0.0,0.0,0.0,0.0,0.0,1.0,-0.5692825856861944,0.030697186222327623,-0.6266569022943977,0.0,0.0,0.0,0.0,1.0,0.0
0.0,1.0,0.0,1.0,1.0,0.0,0.0,0.0,1.0,0.0,0.9487872748104531,-0.5302134361102985,1.7182681218086637,0.0,0.0,0.0,0.0,1.0,0.0
0.0,0.0,0.0,0.0,0.0,0.0,0.0,0.0,1.0,1.0,0.08624758134644887,-0.5302134361102985,0.12224585409453814,0.0,0.0,0.0,0.0,1.0,0.0
0.0,0.0,0.0,0.0,0.0,0.0,0.0,0.0,1.0,0.0,-0.005181626160735573,-0.5302134361102985,-0.03735637267687442,0.0,0.0,0.0,0.0,0.0,1.0
1.0,0.0,1.0,1.0,0.0,0.0,0.0,1.0,0.0,1.0,0.05488250158412145,-0.5302134361102985,-0.17240441071422352,0.0,0.0,0.0,0.0,1.0,0.0
1.0,0.0,1.0,0.0,0.0,0.0,0.0,0.0,1.0,0.0,-0.3528635353261351,0.18447991761369206,-0.24606697691641394,0.0,1.0,0.0,0.0,0.0,0.0
1.0,1.0,0.0,1.0,1.0,0.0,0.0,0.0,0.0,1.0,0.7135491765929974,-0.5302134361102985,0.1099687597275064,0.0,0.0,0.0,0.0,1.0,0.0
1.0,1.0,0.0,0.0,0.0,1.0,0.0,0.0,1.0,1.0,0.33450218766527046,-0.5302134361102985,0.5028357794725219,0.0,0.0,0.0,0.0,1.0,0.0
1.0,1.0,0.0,0.0,0.0,0.0,0.0,1.0,0.0,1.0,-0.2388514703900749,-0.27655119876371803,-0.4179462980548582,0.0,0.0,0.0,0.0,1.0,0.0
1.0,1.0,0.0,0.0,0.0,0.0,1.0,0.0,1.0,1.0,-0.18333527921075538,-0.5302134361102985,-0.565271430459239,0.0,0.0,0.0,0.0,1.0,0.0
1.0,0.0,0.0,1.0,0.0,0.0,0.0,0.0,1.0,1.0,0.09408885128703073,0.8436846569181181,-0.31972954311860435,0.0,1.0,0.0,0.0,0.0,0.0
1.0,1.0,0.0,0.0,0.0,0.0,0.0,0.0,0.0,1.0,0.03402472354217371,0.31543304764386426,0.4168961189032998,0.0,0.0,0.0,0.0,1.0,0.0
1.0,0.0,0.0,0.0,0.0,0.0,0.0,0.0,0.0,1.0,2.3183434826324802,-0.5302134361102985,4.100024429012821,0.0,0.0,0.0,0.0,1.0,0.0
1.0,1.0,0.0,0.0,1.0,0.0,0.0,1.0,0.0,1.0,-0.40273401214823573,0.05416094317688632,-0.2828982600175091,0.0,0.0,0.0,0.0,0.0,1.0
1.0,1.0,0.0,1.0,0.0,0.0,0.0,0.0,0.0,1.0,-0.7490044927243306,1.1490305751240644,0.269570986498919,0.0,0.0,0.0,0.0,1.0,0.0
1.0,1.0,0.0,1.0,0.0,0.0,0.0,0.0,1.0,1.0,-0.4659346478693255,0.4251419652962603,0.5151128738395536,0.0,0.0,0.0,0.0,1.0,0.0
1.0,1.0,0.0,0.0,0.0,0.0,0.0,1.0,0.0,1.0,0.04045456489345083,1.2533491702328456,0.5028357794725219,0.0,0.0,0.0,0.0,1.0,0.0
1.0,1.0,0.0,1.0,0.0,0.0,1.0,1.0,0.0,1.0,0.735347907027815,-0.5302134361102985,1.3990636682658386,0.0,0.0,0.0,0.0,1.0,0.0
0.0,0.0,1.0,0.0,1.0,0.0,0.0,1.0,0.0,1.0,-0.040624166292165566,-0.5302134361102985,-0.17240441071422352,0.0,0.0,0.0,0.0,1.0,0.0
1.0,0.0,1.0,0.0,0.0,0.0,0.0,1.0,0.0,1.0,-0.3280851223138964,-0.5302134361102985,-0.8108133177998738,0.0,0.0,0.0,0.0,0.0,0.0
0.0,0.0,1.0,0.0,1.0,0.0,0.0,0.0,0.0,1.0,-0.1323670245969733,-0.5302134361102985,-0.798536223432842,0.0,0.0,0.0,0.0,1.0,0.0
1.0,1.0,0.0,0.0,0.0,0.0,0.0,0.0,0.0,1.0,0.018499009059821634,0.14896720438517078,0.3555106470681411,0.0,0.0,0.0,0.0,1.0,0.0
0.0,0.0,0.0,0.0,0.0,0.0,0.0,0.0,1.0,1.0,0.7775339393081454,-0.5302134361102985,1.386786573898807,0.0,0.0,0.0,0.0,1.0,0.0
1.0,1.0,0.0,0.0,0.0,1.0,0.0,0.0,1.0,1.0,-0.3685460752072988,-0.08630452075378263,-0.4056692036878265,0.0,0.0,0.0,0.0,1.0,0.0
1.0,1.0,1.0,0.0,0.0,0.0,0.0,0.0,1.0,0.0,-0.4698552828396164,0.20952906355166687,0.42917321327033153,0.0,0.0,0.0,0.0,1.0,0.0
1.0,0.0,0.0,0.0,0.0,0.0,0.0,1.0,0.0,1.0,-0.388776551654,0.3547506944325842,-0.025079278309842686,0.0,0.0,0.0,0.0,1.0,0.0
1.0,0.0,0.0,0.0,0.0,0.0,0.0,1.0,0.0,0.0,1.4975193452523716,-0.5302134361102985,1.1780759696592673,0.0,0.0,0.0,0.0,1.0,0.0
0.0,1.0,0.0,0.0,0.0,0.0,0.0,1.0,0.0,1.0,-0.4893016322922594,0.8921975598106516,-0.565271430459239,0.0,0.0,0.0,0.0,1.0,0.0
0.0,0.0,0.0,0.0,0.0,0.0,0.0,0.0,0.0,1.0,0.7135491765929974,-0.001961826836044617,0.9693653654197278,0.0,0.0,0.0,0.0,1.0,0.0
1.0,1.0,0.0,0.0,0.0,0.0,0.0,0.0,0.0,1.0,-0.3967746469933935,-0.5251021417614196,-0.7248736572306516,0.0,0.0,0.0,0.0,1.0,0.0
1.0,1.0,0.0,0.0,0.0,0.0,0.0,1.0,0.0,1.0,-0.4438222666368847,0.17465050591651207,0.048583287892347726,0.0,0.0,0.0,0.0,1.0,0.0
1.0,1.0,0.0,0.0,1.0,0.0,0.0,1.0,0.0,0.0,-0.3702711545942268,-0.12435385635576972,-0.3074524487515726,0.0,0.0,0.0,0.0,1.0,0.0
0.0,0.0,0.0,1.0,1.0,0.0,0.0,1.0,0.0,1.0,0.4977574278281847,-0.5302134361102985,0.048583287892347726,0.0,0.0,0.0,0.0,1.0,0.0
1.0,0.0,0.0,0.0,0.0,0.0,0.0,1.0,0.0,1.0,-0.0627365475246064,-0.5302134361102985,-0.3442837318526678,0.0,0.0,0.0,0.0,1.0,0.0
1.0,1.0,0.0,0.0,0.0,0.0,0.0,0.0,1.0,1.0,2.4124387219194627,1.5837442343767667,4.100024429012821,0.0,0.0,0.0,0.0,1.0,0.0
1.0,0.0,0.0,0.0,0.0,0.0,0.0,0.0,0.0,0.0,0.12968821681727236,-0.5302134361102985,-0.3442837318526678,0.0,0.0,0.0,0.0,1.0,0.0
1.0,1.0,0.0,0.0,0.0,0.0,0.0,0.0,1.0,1.0,-0.3570978210940493,0.4276785876697261,-0.11101893887906483,0.0,0.0,0.0,0.0,1.0,0.0
1.0,0.0,0.0,0.0,0.0,0.0,0.0,0.0,1.0,1.0,-0.3734076625704596,-0.5302134361102985,-0.9213071671031594,0.0,0.0,0.0,0.0,0.0,1.0
1.0,1.0,0.0,0.0,0.0,0.0,0.0,0.0,0.0,1.0,-0.6939587777414459,1.2137144456474425,0.8588715161164423,0.0,0.0,0.0,0.0,1.0,0.0
1.0,0.0,0.0,0.0,0.0,0.0,0.0,0.0,1.0,1.0,-0.35803877348691915,-0.5302134361102985,-0.8844758840020641,0.0,0.0,0.0,0.0,1.0,0.0
1.0,1.0,0.0,0.0,0.0,0.0,1.0,0.0,1.0,1.0,0.039670437899392647,-0.5302134361102985,-0.22151278818235046,0.0,0.0,0.0,0.0,1.0,0.0
0.0,0.0,0.0,0.0,0.0,0.0,1.0,0.0,1.0,1.0,-0.7894654456177329,12.681467118289664,2.5040021612986947,0.0,1.0,0.0,0.0,0.0,0.0
1.0,1.0,1.0,0.0,0.0,0.0,0.0,0.0,1.0,0.0,0.3465777433737665,-0.5302134361102985,-0.5161630529911121,0.0,0.0,0.0,0.0,1.0,0.0
1.0,1.0,0.0,0.0,0.0,0.0,0.0,1.0,0.0,1.0,0.45227806217280997,-0.5302134361102985,0.17135423156266508,0.0,0.0,0.0,0.0,1.0,0.0
0.0,0.0,0.0,1.0,1.0,0.0,0.0,1.0,0.0,1.0,0.31380123502213436,-0.5302134361102985,-0.22151278818235046,0.0,0.0,0.0,0.0,1.0,0.0
1.0,1.0,0.0,0.0,0.0,0.0,0.0,0.0,0.0,0.0,-0.23555813701503053,0.0192823855417315,0.03630619352531599,0.0,0.0,0.0,0.0,1.0,0.0
1.0,0.0,0.0,0.0,0.0,0.0,0.0,0.0,1.0,1.0,0.06256694612589167,-0.5302134361102985,-0.22151278818235046,0.0,0.0,0.0,0.0,1.0,0.0
1.0,1.0,0.0,0.0,0.0,0.0,0.0,1.0,0.0,1.0,-0.5206667120545868,1.5834271565800835,-0.9335842614701911,0.0,1.0,0.0,0.0,0.0,0.0
1.0,1.0,0.0,1.0,0.0,0.0,0.0,1.0,0.0,1.0,0.05770535876273092,0.15467460472546884,0.4660044963714267,0.0,0.0,0.0,0.0,1.0,0.0
1.0,1.0,0.0,0.0,0.0,1.0,0.0,0.0,1.0,1.0,-0.3602343290702821,-0.035572073284466536,-0.14785022198016004,0.0,0.0,0.0,0.0,1.0,0.0
0.0,0.0,0.0,0.0,0.0,0.0,0.0,0.0,1.0,1.0,-0.34706099557010456,-0.5302134361102985,-1.4246680361514605,0.0,0.0,0.0,0.0,1.0,0.0
1.0,1.0,0.0,0.0,0.0,0.0,0.0,0.0,1.0,1.0,-0.09927686544771785,-0.23755062977168126,-0.31972954311860435,0.0,1.0,0.0,0.0,0.0,0.0
0.0,0.0,1.0,1.0,0.0,0.0,0.0,0.0,1.0,1.0,1.9940285578900148,-0.5302134361102985,-0.25834407128344566,0.0,0.0,0.0,0.0,1.0,0.0
1.0,1.0,0.0,1.0,0.0,0.0,0.0,0.0,1.0,1.0,-0.3842286150884625,-0.5302134361102985,-0.982692638938318,0.0,0.0,0.0,0.0,1.0,0.0
1.0,1.0,0.0,0.0,0.0,0.0,0.0,0.0,1.0,1.0,-0.49447687045304345,-0.04762102955842911,-0.5161630529911121,0.0,0.0,0.0,0.0,1.0,0.0
1.0,1.0,0.0,0.0,1.0,0.0,0.0,0.0,1.0,1.0,0.4124444108746541,0.18321160642695916,0.4168961189032998,0.0,0.0,0.0,0.0,1.0,0.0
1.0,0.0,0.0,0.0,0.0,0.0,0.0,0.0,1.0,1.0,-0.33200575728418735,-0.5302134361102985,-0.9335842614701911,0.0,0.0,0.0,0.0,1.0,0.0
0.0,1.0,0.0,0.0,0.0,0.0,0.0,0.0,1.0,1.0,-0.17518035847255023,0.2469442435602875,-0.4425004867889217,0.0,0.0,0.0,0.0,1.0,0.0
1.0,0.0,0.0,0.0,0.0,0.0,0.0,0.0,1.0,1.0,0.08624758134644887,-0.5302134361102985,-0.06191056141093789,0.0,0.0,0.0,0.0,1.0,0.0
1.0,0.0,1.0,0.0,0.0,0.0,1.0,1.0,0.0,1.0,-0.11652765931699795,0.10172261267937016,0.024029099158284255,0.0,0.0,0.0,0.0,1.0,0.0
1.0,1.0,0.0,1.0,0.0,1.0,0.0,0.0,0.0,1.0,-0.4626413144942811,0.9283444286325393,0.36778774143517284,0.0,0.0,0.0,0.0,1.0,0.0
1.0,1.0,0.0,1.0,0.0,0.0,1.0,1.0,0.0,1.0,-0.028862261381292782,0.03228257520574375,0.5028357794725219,0.0,0.0,0.0,0.0,1.0,0.0
1.0,0.0,0.0,0.0,0.0,0.0,0.0,1.0,0.0,1.0,1.0271999742162716,-0.5302134361102985,0.220462609030792,0.0,0.0,0.0,0.0,1.0,0.0
1.0,1.0,0.0,1.0,0.0,1.0,0.0,0.0,0.0,1.0,0.12545393104935817,-0.1180123004221052,-0.4670546755229852,0.0,0.0,0.0,0.0,1.0,0.0
1.0,1.0,1.0,0.0,1.0,0.0,0.0,0.0,0.0,1.0,-0.46389591768477423,0.22284633101236237,-0.22151278818235046,0.0,0.0,0.0,0.0,1.0,0.0
0.0,0.0,0.0,1.0,0.0,0.0,0.0,0.0,1.0,1.0,-0.4626413144942811,-0.5302134361102985,-0.6512110910284612,0.0,0.0,0.0,0.0,1.0,0.0
0.0,0.0,0.0,0.0,0.0,0.0,0.0,1.0,0.0,1.0,-0.2515543276938175,-0.5302134361102985,-0.43022339242188995,0.0,0.0,0.0,0.0,1.0,0.0
0.0,0.0,0.0,0.0,0.0,0.0,0.0,0.0,1.0,1.0,-0.25672956585460155,-0.5302134361102985,-0.36883792058673126,0.0,1.0,0.0,0.0,0.0,0.0
1.0,1.0,0.0,0.0,0.0,0.0,0.0,1.0,0.0,1.0,-0.41575052024960163,0.18416283981700882,-0.29517535438454084,0.0,0.0,0.0,0.0,1.0,0.0
0.0,0.0,1.0,0.0,0.0,0.0,0.0,1.0,0.0,1.0,-0.5468565536561303,-0.5302134361102985,-1.1422948657097307,0.0,0.0,0.0,0.0,1.0,0.0
1.0,1.0,0.0,0.0,0.0,0.0,0.0,0.0,0.0,1.0,-0.8311810017016283,0.04052659791950762,-0.1355731276131283,0.0,0.0,0.0,0.0,1.0,0.0
1.0,1.0,0.0,0.0,0.0,0.0,0.0,0.0,1.0,1.0,-0.5076502039532209,-0.17350091484166968,-0.22151278818235046,0.0,0.0,0.0,0.0,1.0,0.0
0.0,0.0,0.0,0.0,0.0,0.0,0.0,0.0,0.0,1.0,-0.753552429289868,0.6375840890740215,-0.4056692036878265,0.0,0.0,0.0,0.0,0.0,1.0
1.0,1.0,0.0,0.0,1.0,0.0,0.0,0.0,0.0,1.0,-0.031371467762278976,-0.31206391199223926,0.17135423156266508,0.0,0.0,0.0,0.0,1.0,0.0
1.0,1.0,0.0,0.0,0.0,0.0,0.0,0.0,0.0,1.0,-0.32683051912340333,0.16735771659279788,-0.1355731276131283,0.0,0.0,0.0,0.0,1.0,0.0
1.0,1.0,0.0,0.0,0.0,0.0,1.0,1.0,0.0,1.0,-0.1737689298832455,-0.4702857325371689,-0.2706211656504774,0.0,0.0,0.0,0.0,1.0,0.0
1.0,1.0,0.0,0.0,0.0,1.0,0.0,0.0,1.0,0.0,-0.2587682960391528,0.6112666319493137,0.8588715161164423,0.0,0.0,0.0,0.0,1.0,0.0
1.0,1.0,0.0,0.0,1.0,0.0,0.0,0.0,1.0,1.0,-0.31883242378400983,0.024672708085346336,0.4905586851054902,0.0,0.0,0.0,0.0,1.0,0.0
1.0,1.0,0.0,0.0,1.0,0.0,0.0,0.0,1.0,1.0,-0.613507348151076,-0.07837757583670199,-1.4246680361514605,0.0,0.0,0.0,0.0,1.0,0.0
1.0,1.0,0.0,0.0,0.0,0.0,0.0,1.0,0.0,1.0,-0.10852956397760445,-0.5302134361102985,0.14680004282860162,0.0,0.0,0.0,0.0,0.0,1.0
1.0,1.0,0.0,0.0,0.0,1.0,0.0,0.0,1.0,1.0,-0.6509886184670574,-0.18586694891231548,-1.584270262922873,1.0,0.0,0.0,0.0,0.0,0.0
1.0,1.0,1.0,1.0,0.0,0.0,0.0,1.0,0.0,1.0,-0.17345527908562222,-0.29684417775144445,-0.7248736572306516,0.0,0.0,0.0,0.0,1.0,0.0
1.0,1.0,1.0,0.0,0.0,1.0,0.0,1.0,0.0,1.0,-0.33200575728418735,0.10394215725615275,-0.5775485248262708,0.0,0.0,0.0,0.0,1.0,0.0
1.0,1.0,0.0,0.0,0.0,0.0,0.0,0.0,0.0,1.0,-0.2733530581286351,0.4736548681887938,0.44145030763736326,0.0,0.0,0.0,0.0,1.0,0.0
1.0,0.0,0.0,0.0,1.0,0.0,0.0,1.0,0.0,1.0,0.9095809251075438,-0.5302134361102985,0.6133296287758075,0.0,0.0,0.0,0.0,1.0,0.0
1.0,1.0,1.0,0.0,0.0,1.0,0.0,0.0,1.0,1.0,-0.3282419477127081,0.37631198460704357,-0.025079278309842686,0.0,0.0,0.0,0.0,1.0,0.0
1.0,1.0,1.0,0.0,1.0,0.0,0.0,1.0,0.0,0.0,-0.025882578803871674,-0.07679218685328587,0.1836313259296968,0.0,0.0,0.0,0.0,1.0,0.0
1.0,1.0,0.0,0.0,0.0,0.0,0.0,0.0,1.0,1.0,0.6073783815975191,-0.5302134361102985,-0.8721987896350324,0.0,1.0,0.0,0.0,0.0,0.0
1.0,0.0,0.0,0.0,0.0,0.0,0.0,0.0,1.0,1.0,-0.5724190936624272,-0.14559806873354583,-1.215957431911921,0.0,0.0,0.0,0.0,1.0,0.0
1.0,1.0,0.0,0.0,1.0,0.0,0.0,1.0,0.0,1.0,0.0964412322692053,0.10521046844288565,1.2762927245955213,0.0,0.0,0.0,0.0,1.0,0.0
1.0,1.0,1.0,1.0,0.0,0.0,1.0,1.0,0.0,1.0,-0.33200575728418735,0.1565770715055682,-0.19695859944828698,0.0,0.0,0.0,0.0,1.0,0.0
1.0,1.0,0.0,0.0,0.0,0.0,0.0,0.0,0.0,1.0,0.07417202563795282,0.12106435827704692,0.7974860442812836,0.0,0.0,0.0,0.0,1.0,0.0
1.0,0.0,1.0,0.0,0.0,0.0,0.0,0.0,1.0,1.0,-0.6285625864369933,-0.5302134361102985,-1.3632825643163018,0.0,0.0,0.0,0.0,1.0,0.0
0.0,0.0,0.0,0.0,1.0,0.0,0.0,0.0,1.0,1.0,1.2251136275165577,-0.5302134361102985,-1.3018970924811433,0.0,0.0,0.0,0.0,1.0,0.0
0.0,0.0,0.0,0.0,0.0,0.0,0.0,0.0,0.0,1.0,-0.26472766119399505,-0.001961826836044617,-0.1355731276131283,0.0,0.0,0.0,0.0,1.0,0.0
1.0,1.0,0.0,0.0,0.0,0.0,0.0,0.0,1.0,1.0,-0.5692825856861944,0.014843296388166342,-0.565271430459239,0.0,0.0,0.0,0.0,1.0,0.0
1.0,0.0,1.0,0.0,0.0,0.0,0.0,1.0,0.0,1.0,-0.4314330601307653,0.35284822765248486,-0.614379807927366,0.0,0.0,0.0,0.0,1.0,0.0
1.0,1.0,0.0,0.0,1.0,0.0,0.0,0.0,1.0,1.0,-0.22928512106256504,-0.5302134361102985,-1.1791261488108258,0.0,0.0,1.0,0.0,0.0,0.0
1.0,1.0,1.0,1.0,0.0,0.0,0.0,0.0,0.0,0.0,-0.4455473460238127,0.5633878846501467,0.23273970339782377,0.0,1.0,0.0,0.0,0.0,0.0
1.0,1.0,0.0,0.0,0.0,0.0,0.0,0.0,0.0,1.0,-0.24951559750926625,0.516143292944346,-0.04963346704390616,0.0,1.0,0.0,0.0,0.0,0.0
0.0,1.0,0.0,0.0,0.0,0.0,0.0,0.0,0.0,1.0,-0.13597400876964094,-0.5302134361102985,-0.7617049403317468,0.0,0.0,0.0,0.0,1.0,0.0
0.0,1.0,0.0,0.0,0.0,0.0,0.0,1.0,0.0,1.0,-0.3953632184040888,0.20952906355166687,-0.08646475014500137,0.0,0.0,0.0,0.0,1.0,0.0
1.0,0.0,0.0,0.0,0.0,0.0,0.0,0.0,0.0,1.0,-0.1974495651038027,-0.5302134361102985,-0.31972954311860435,0.0,0.0,0.0,0.0,1.0,0.0
1.0,1.0,0.0,0.0,0.0,0.0,0.0,0.0,1.0,1.0,-0.4888311560958245,0.23616359847305785,-0.12329603324609657,0.0,0.0,0.0,0.0,1.0,0.0
1.0,1.0,0.0,0.0,0.0,0.0,0.0,1.0,0.0,1.0,-0.236655914806712,0.21048029694171655,-0.14785022198016004,0.0,0.0,0.0,0.0,1.0,0.0
1.0,0.0,0.0,1.0,0.0,0.0,0.0,0.0,1.0,1.0,0.2692628217596294,-0.5302134361102985,-0.22151278818235046,0.0,0.0,0.0,0.0,1.0,0.0
1.0,1.0,0.0,0.0,0.0,0.0,0.0,0.0,0.0,1.0,0.09879361325137985,0.28435942356890814,0.44145030763736326,0.0,0.0,0.0,0.0,1.0,0.0
0.0,0.0,0.0,0.0,0.0,0.0,0.0,1.0,0.0,0.0,-0.07057781746518826,-0.5302134361102985,-0.5284401473581438,0.0,0.0,0.0,0.0,1.0,0.0
1.0,1.0,0.0,0.0,0.0,1.0,0.0,1.0,0.0,0.0,-0.07057781746518826,-0.5302134361102985,-0.9090300727361277,0.0,0.0,0.0,0.0,1.0,0.0
0.0,1.0,0.0,0.0,0.0,0.0,0.0,1.0,0.0,1.0,-0.4651505208752673,0.19969965185448688,-0.11101893887906483,0.0,0.0,0.0,0.0,1.0,0.0
1.0,1.0,1.0,0.0,0.0,0.0,0.0,0.0,0.0,1.0,-0.18035559663333425,0.1083812464097179,0.5887754400417441,0.0,0.0,0.0,0.0,1.0,0.0
1.0,1.0,0.0,0.0,0.0,0.0,0.0,1.0,0.0,0.0,-0.3705848053918501,0.17052849455963012,-0.12329603324609657,0.0,0.0,0.0,0.0,1.0,0.0
1.0,1.0,1.0,1.0,0.0,0.0,0.0,0.0,1.0,1.0,-0.1121365481502721,-0.5302134361102985,-0.0987418445120331,0.0,0.0,0.0,0.0,1.0,0.0
1.0,1.0,0.0,0.0,0.0,0.0,1.0,1.0,0.0,0.0,0.010344088321616504,3.0527656664101515,4.284180844518297,0.0,0.0,0.0,0.0,1.0,0.0
0.0,1.0,0.0,0.0,0.0,0.0,0.0,1.0,0.0,1.0,-0.47471687020277714,-0.37008914878526955,-0.19695859944828698,0.0,0.0,0.0,0.0,1.0,0.0
1.0,0.0,0.0,0.0,0.0,0.0,0.0,1.0,0.0,1.0,-0.10978416716809754,-0.5302134361102985,-0.6389339966614295,0.0,0.0,0.0,0.0,1.0,0.0
1.0,1.0,0.0,0.0,0.0,1.0,0.0,0.0,1.0,1.0,-0.35929337667741224,-0.3840405718393315,-0.4670546755229852,0.0,0.0,0.0,0.0,0.0,0.0
1.0,1.0,0.0,0.0,0.0,0.0,0.0,1.0,0.0,1.0,-0.12515305625163797,0.6058763094056989,-0.22151278818235046,0.0,0.0,0.0,0.0,1.0,0.0
1.0,1.0,0.0,1.0,1.0,0.0,0.0,1.0,0.0,1.0,-0.479107981369503,-0.5302134361102985,-0.22151278818235046,0.0,0.0,0.0,0.0,1.0,0.0
1.0,1.0,0.0,0.0,0.0,0.0,0.0,1.0,0.0,1.0,-0.3456495669807998,-0.08091419821016779,-0.0987418445120331,0.0,0.0,0.0,0.0,1.0,0.0
1.0,1.0,1.0,0.0,0.0,0.0,0.0,0.0,1.0,0.0,-0.3842286150884625,-0.001961826836044617,-0.565271430459239,0.0,0.0,0.0,0.0,0.0,1.0
1.0,0.0,0.0,1.0,0.0,0.0,0.0,1.0,0.0,1.0,-0.044544801262456496,-0.5302134361102985,-0.22151278818235046,0.0,0.0,0.0,0.0,1.0,0.0
1.0,1.0,1.0,0.0,1.0,0.0,0.0,0.0,0.0,1.0,-0.5476406806501884,0.24218807661003913,-0.18468150508125525,0.0,0.0,0.0,0.0,1.0,0.0
1.0,1.0,0.0,0.0,0.0,1.0,0.0,1.0,0.0,1.0,0.12545393104935817,0.007233429267768926,0.7852089499142518,0.0,0.0,0.0,0.0,1.0,0.0
1.0,1.0,0.0,0.0,1.0,0.0,0.0,1.0,0.0,1.0,-0.4234349647913718,0.053843865380203096,-0.381115014953763,0.0,0.0,0.0,0.0,1.0,0.0
1.0,1.0,0.0,0.0,0.0,1.0,0.0,0.0,1.0,1.0,-0.13864004054943876,-0.5302134361102985,-0.565271430459239,0.0,0.0,0.0,0.0,1.0,0.0
0.0,0.0,0.0,0.0,0.0,0.0,0.0,0.0,0.0,1.0,0.2744380599204134,-0.5302134361102985,-0.31972954311860435,0.0,0.0,0.0,0.0,1.0,0.0
1.0,0.0,0.0,0.0,0.0,0.0,0.0,0.0,0.0,1.0,0.05723488256629601,0.6321937665304066,2.0251954809844572,0.0,0.0,0.0,0.0,1.0,0.0
1.0,1.0,1.0,0.0,1.0,0.0,0.0,1.0,0.0,1.0,-0.4373924252856075,1.7213559981372866,1.6323284612394415,0.0,1.0,0.0,0.0,0.0,0.0
1.0,1.0,0.0,0.0,0.0,0.0,1.0,0.0,1.0,1.0,7.263048307163399,-0.5302134361102985,6.800985189759802,0.0,0.0,0.0,1.0,0.0,0.0
0.0,0.0,0.0,1.0,0.0,0.0,0.0,0.0,1.0,1.0,-0.31161845543867456,-0.5302134361102985,-0.29517535438454084,0.0,0.0,0.0,0.0,1.0,0.0
1.0,1.0,1.0,0.0,1.0,0.0,0.0,0.0,0.0,0.0,-0.4386470284761006,-0.054596741085460074,-0.4056692036878265,0.0,1.0,0.0,0.0,0.0,0.0
1.0,1.0,1.0,0.0,0.0,1.0,0.0,0.0,0.0,1.0,-0.19603813651449797,-0.07679218685328587,-0.20923569381531873,0.0,0.0,0.0,0.0,1.0,0.0
1.0,1.0,0.0,0.0,1.0,0.0,0.0,0.0,1.0,1.0,-0.5998635384544636,0.041477831309557296,-0.614379807927366,0.0,0.0,0.0,0.0,1.0,0.0
1.0,1.0,0.0,0.0,0.0,0.0,1.0,0.0,1.0,0.0,-0.17518035847255023,0.0440144536830231,0.17135423156266508,0.0,0.0,0.0,0.0,1.0,0.0
1.0,1.0,0.0,0.0,0.0,0.0,0.0,0.0,0.0,1.0,-0.4179460758329645,0.10901540200308435,-0.4425004867889217,0.0,0.0,0.0,0.0,1.0,0.0
1.0,1.0,0.0,0.0,0.0,0.0,0.0,1.0,0.0,1.0,-0.1787873426452179,-0.5302134361102985,-0.19695859944828698,0.0,0.0,0.0,0.0,1.0,0.0
1.0,1.0,0.0,1.0,1.0,0.0,0.0,0.0,1.0,1.0,0.36649456902284444,-0.5302134361102985,1.1535217809252039,0.0,0.0,0.0,0.0,1.0,0.0
0.0,1.0,0.0,0.0,0.0,0.0,0.0,1.0,0.0,1.0,-0.3189892491828215,0.36267763934966485,-0.4056692036878265,0.0,0.0,0.0,0.0,1.0,0.0
1.0,0.0,1.0,0.0,0.0,0.0,0.0,0.0,0.0,1.0,-0.42265083779731366,-0.5302134361102985,-0.9949697333053498,0.0,0.0,0.0,1.0,0.0,0.0
1.0,0.0,0.0,0.0,0.0,0.0,0.0,0.0,1.0,1.0,-0.07841908740577011,-0.5302134361102985,-0.25834407128344566,0.0,0.0,0.0,0.0,1.0,0.0
1.0,1.0,0.0,0.0,0.0,1.0,0.0,0.0,0.0,1.0,-0.201213374675282,-0.07140186430967103,0.14680004282860162,0.0,0.0,0.0,0.0,1.0,0.0
1.0,0.0,0.0,0.0,0.0,0.0,0.0,1.0,0.0,1.0,-0.12029146888847723,0.07699054453807856,0.47828159073845844,0.0,0.0,0.0,0.0,1.0,0.0
1.0,1.0,0.0,0.0,0.0,0.0,1.0,0.0,0.0,0.0,11.848152492219233,-0.5302134361102985,2.626773104969012,0.0,0.0,0.0,0.0,1.0,0.0
1.0,1.0,0.0,1.0,0.0,1.0,0.0,0.0,1.0,1.0,-0.6037841734247545,5.811342497554214,1.1412446865581722,0.0,0.0,0.0,0.0,1.0,0.0
0.0,1.0,0.0,0.0,0.0,0.0,0.0,1.0,0.0,1.0,-0.2796260740811006,-0.06759693074947232,-0.025079278309842686,0.0,0.0,0.0,0.0,1.0,0.0
1.0,0.0,0.0,0.0,0.0,0.0,0.0,1.0,0.0,1.0,-0.4626413144942811,-0.5302134361102985,-1.117740676975667,0.0,0.0,0.0,0.0,1.0,0.0
0.0,0.0,0.0,0.0,0.0,0.0,0.0,0.0,1.0,1.0,-0.3459632177784231,-0.5302134361102985,-0.8108133177998738,0.0,0.0,0.0,0.0,1.0,0.0
1.0,1.0,0.0,0.0,0.0,0.0,1.0,0.0,1.0,1.0,-0.16216385037118436,-0.13386619025626648,-0.4425004867889217,0.0,0.0,0.0,0.0,1.0,0.0
1.0,1.0,1.0,0.0,0.0,1.0,0.0,0.0,0.0,1.0,-0.12515305625163797,-0.5302134361102985,-0.4425004867889217,0.0,0.0,0.0,0.0,1.0,0.0
1.0,1.0,1.0,0.0,0.0,0.0,1.0,1.0,0.0,0.0,-0.10900004017403936,-0.5302134361102985,-0.6266569022943977,0.0,0.0,0.0,0.0,1.0,0.0
0.0,0.0,1.0,0.0,0.0,0.0,0.0,0.0,0.0,1.0,-0.1725143266927524,-0.5302134361102985,0.09769166536047466,0.0,0.0,0.0,0.0,1.0,0.0
1.0,1.0,0.0,0.0,0.0,0.0,0.0,0.0,1.0,1.0,-0.25625908965816663,-0.2911367774111464,0.17135423156266508,0.0,0.0,0.0,0.0,1.0,0.0
1.0,1.0,0.0,0.0,0.0,0.0,0.0,0.0,0.0,1.0,0.38437266448737106,0.05099016521005406,0.4168961189032998,0.0,0.0,0.0,0.0,1.0,0.0
1.0,0.0,1.0,0.0,1.0,0.0,0.0,0.0,1.0,1.0,-0.2907606773967268,-0.5302134361102985,-0.565271430459239,0.0,0.0,1.0,0.0,0.0,0.0
1.0,1.0,0.0,0.0,0.0,1.0,0.0,1.0,0.0,1.0,0.12545393104935817,1.2625444263366592,0.5151128738395536,0.0,1.0,0.0,0.0,0.0,0.0
1.0,0.0,0.0,0.0,0.0,0.0,0.0,0.0,1.0,1.0,0.48866155469710976,-0.5302134361102985,0.7852089499142518,0.0,0.0,0.0,0.0,1.0,0.0
1.0,1.0,0.0,0.0,0.0,0.0,1.0,0.0,0.0,1.0,-0.21077972400279185,-0.5302134361102985,-1.3018970924811433,0.0,1.0,0.0,0.0,0.0,0.0
0.0,0.0,1.0,0.0,0.0,0.0,0.0,1.0,0.0,1.0,-0.16341845356167745,-0.5302134361102985,-0.31972954311860435,0.0,0.0,0.0,0.0,1.0,0.0
1.0,1.0,0.0,0.0,0.0,0.0,0.0,0.0,1.0,1.0,1.285961882255473,-0.5302134361102985,-0.22151278818235046,0.0,0.0,0.0,0.0,1.0,0.0
0.0,0.0,0.0,0.0,1.0,0.0,0.0,0.0,0.0,1.0,-0.25688639125341317,-0.5302134361102985,-0.4179462980548582,0.0,0.0,0.0,0.0,1.0,0.0
1.0,1.0,0.0,0.0,0.0,1.0,0.0,0.0,1.0,1.0,1.7589472850713708,-0.5302134361102985,1.5832200837713146,0.0,0.0,0.0,0.0,1.0,0.0
1.0,1.0,0.0,0.0,0.0,1.0,0.0,0.0,1.0,1.0,0.6669720331459412,-0.5302134361102985,-0.4179462980548582,0.0,0.0,0.0,0.0,1.0,0.0
1.0,1.0,0.0,0.0,1.0,0.0,0.0,0.0,1.0,1.0,0.6410958423420211,-0.5302134361102985,0.5028357794725219,0.0,0.0,0.0,0.0,1.0,0.0
1.0,0.0,0.0,0.0,0.0,0.0,0.0,0.0,0.0,0.0,-0.08359432556655415,-0.5302134361102985,-0.19695859944828698,0.0,0.0,0.0,0.0,1.0,0.0
1.0,1.0,0.0,1.0,0.0,0.0,0.0,1.0,0.0,1.0,-0.3122457570339211,-0.5302134361102985,-1.4860535079866193,1.0,0.0,0.0,0.0,0.0,0.0
1.0,1.0,1.0,0.0,0.0,0.0,0.0,0.0,1.0,1.0,-0.5148641722985563,0.230773275929443,-0.381115014953763,0.0,0.0,0.0,0.0,1.0,0.0
1.0,1.0,1.0,0.0,0.0,0.0,0.0,0.0,0.0,1.0,-0.3972451231898284,-0.36025973708808956,-0.982692638938318,0.0,0.0,0.0,0.0,1.0,0.0
1.0,1.0,1.0,0.0,0.0,0.0,0.0,0.0,0.0,1.0,-0.08829908753090325,-0.5302134361102985,-0.16012731634719177,0.0,0.0,0.0,0.0,1.0,0.0
0.0,1.0,0.0,0.0,0.0,0.0,0.0,1.0,0.0,1.0,-0.19917464449073072,0.20096796304121978,0.44145030763736326,0.0,0.0,0.0,0.0,1.0,0.0
1.0,0.0,0.0,0.0,0.0,0.0,0.0,0.0,0.0,0.0,0.1306291692101422,0.8700021140428258,0.7729318555472201,0.0,0.0,0.0,0.0,1.0,0.0
1.0,1.0,0.0,0.0,1.0,0.0,0.0,0.0,1.0,1.0,-0.24700639112828005,-0.5302134361102985,-0.9704155445712863,0.0,0.0,0.0,0.0,1.0,0.0
1.0,1.0,0.0,0.0,0.0,1.0,0.0,1.0,0.0,1.0,-0.2430857561579891,-0.5302134361102985,-0.6880423741295564,0.0,0.0,0.0,0.0,1.0,0.0
1.0,1.0,0.0,1.0,1.0,0.0,0.0,1.0,0.0,1.0,-0.3136571856232258,0.12899130319412758,0.19590842029672856,0.0,0.0,0.0,0.0,1.0,0.0
0.0,0.0,0.0,0.0,1.0,0.0,0.0,1.0,0.0,1.0,-0.2819784550632751,-0.5302134361102985,-0.6266569022943977,0.0,0.0,0.0,0.0,1.0,0.0
1.0,0.0,1.0,0.0,0.0,0.0,0.0,1.0,0.0,1.0,-0.395676869201712,0.23235866491285911,-0.43022339242188995,0.0,0.0,0.0,0.0,1.0,0.0
1.0,1.0,0.0,0.0,0.0,0.0,0.0,0.0,1.0,1.0,0.126394883442228,-0.5302134361102985,0.17135423156266508,0.0,0.0,0.0,0.0,1.0,0.0
1.0,1.0,0.0,1.0,1.0,0.0,0.0,1.0,0.0,1.0,-0.4006952819636844,-0.5302134361102985,-0.6266569022943977,0.0,0.0,0.0,0.0,1.0,0.0
0.0,0.0,0.0,0.0,0.0,0.0,0.0,0.0,0.0,1.0,-0.3186755983851982,-0.5302134361102985,-0.1355731276131283,0.0,0.0,0.0,0.0,1.0,0.0
1.0,0.0,0.0,0.0,0.0,0.0,1.0,0.0,0.0,1.0,1.1056126736220904,0.42101995393937836,2.1356893302877427,0.0,0.0,0.0,0.0,1.0,0.0
1.0,0.0,0.0,0.0,0.0,0.0,0.0,0.0,0.0,1.0,-0.5542273474002772,1.0751514484968727,-0.9704155445712863,0.0,0.0,0.0,0.0,1.0,0.0
0.0,1.0,0.0,0.0,0.0,0.0,0.0,1.0,0.0,1.0,-0.2862127408311893,-0.5302134361102985,-0.4670546755229852,0.0,0.0,0.0,0.0,1.0,0.0
1.0,0.0,1.0,0.0,0.0,0.0,0.0,0.0,0.0,1.0,-0.23132385124711632,0.27231046729494557,-1.117740676975667,0.0,0.0,0.0,0.0,1.0,0.0
1.0,1.0,0.0,0.0,0.0,0.0,0.0,0.0,1.0,1.0,-0.3790533769276785,-0.06759693074947232,-0.6266569022943977,0.0,0.0,0.0,0.0,1.0,0.0
1.0,0.0,1.0,0.0,0.0,0.0,0.0,1.0,0.0,1.0,-0.2869968678252475,-0.5302134361102985,-1.4860535079866193,1.0,0.0,0.0,0.0,0.0,0.0
1.0,1.0,0.0,1.0,0.0,1.0,0.0,0.0,0.0,1.0,1.889739667680276,-0.5302134361102985,3.1178568796502817,0.0,0.0,0.0,0.0,1.0,0.0
1.0,1.0,0.0,0.0,0.0,0.0,0.0,0.0,0.0,1.0,-0.43660829829154935,0.8332210896275716,-0.3074524487515726,0.0,0.0,0.0,0.0,1.0,0.0
0.0,1.0,0.0,1.0,0.0,0.0,0.0,0.0,0.0,0.0,0.00783488194063031,-0.5302134361102985,-0.5038859586240804,0.0,0.0,0.0,0.0,1.0,0.0
0.0,0.0,0.0,0.0,0.0,0.0,0.0,1.0,0.0,0.0,-0.5195689342629054,2.3171451781050676,-0.11101893887906483,0.0,0.0,0.0,0.0,1.0,0.0
1.0,1.0,0.0,0.0,0.0,1.0,0.0,0.0,1.0,1.0,-0.3925403612254793,-0.021937728027087832,-0.22151278818235046,0.0,0.0,0.0,0.0,1.0,0.0
1.0,0.0,0.0,1.0,0.0,0.0,0.0,0.0,0.0,1.0,0.2151580591696146,-0.5302134361102985,-0.06191056141093789,0.0,0.0,0.0,0.0,1.0,0.0
1.0,1.0,0.0,0.0,0.0,0.0,1.0,1.0,0.0,0.0,-0.35803877348691915,0.738097750622604,0.4168961189032998,0.0,0.0,0.0,1.0,0.0,0.0
1.0,1.0,0.0,0.0,0.0,0.0,0.0,1.0,0.0,1.0,0.5697402858827262,-0.5302134361102985,1.0061966485208231,0.0,0.0,0.0,0.0,1.0,0.0
1.0,1.0,0.0,0.0,0.0,0.0,1.0,0.0,1.0,1.0,-0.3796806785229251,-0.5302134361102985,-0.5775485248262708,0.0,0.0,0.0,0.0,1.0,0.0
0.0,0.0,0.0,0.0,0.0,1.0,0.0,0.0,1.0,1.0,-0.3172641697958935,-0.5302134361102985,-0.0987418445120331,0.0,0.0,0.0,0.0,1.0,0.0
0.0,0.0,0.0,0.0,0.0,0.0,0.0,0.0,0.0,1.0,-0.27570543911080964,-0.5302134361102985,-0.6512110910284612,0.0,0.0,0.0,0.0,1.0,0.0
0.0,0.0,0.0,0.0,0.0,0.0,0.0,0.0,1.0,1.0,-0.48177401314930085,-0.5302134361102985,-1.682487017859127,0.0,0.0,0.0,0.0,1.0,0.0
1.0,1.0,0.0,1.0,1.0,0.0,0.0,0.0,0.0,1.0,-0.31114797924223964,-0.14654930212359552,-0.19695859944828698,0.0,0.0,0.0,0.0,1.0,0.0
1.0,1.0,0.0,1.0,0.0,0.0,0.0,0.0,0.0,1.0,0.7077466368369668,-0.5302134361102985,0.4168961189032998,0.0,0.0,0.0,0.0,1.0,0.0
1.0,1.0,1.0,0.0,0.0,1.0,0.0,0.0,1.0,1.0,-0.37121210698709667,0.15721122709893465,-0.24606697691641394,0.0,0.0,0.0,0.0,1.0,0.0
0.0,0.0,0.0,0.0,0.0,0.0,0.0,0.0,0.0,1.0,-0.39991115496962626,-0.5302134361102985,-0.9213071671031594,0.0,0.0,0.0,0.0,1.0,0.0
0.0,0.0,0.0,0.0,0.0,0.0,0.0,0.0,1.0,1.0,-0.4364514728927377,-0.014962016500056867,-0.7617049403317468,0.0,0.0,0.0,0.0,1.0,0.0
1.0,1.0,0.0,0.0,0.0,1.0,0.0,1.0,0.0,1.0,-0.3409448050164507,-0.3767477825156173,-0.1355731276131283,0.0,0.0,0.0,0.0,1.0,0.0
1.0,1.0,0.0,0.0,1.0,0.0,0.0,0.0,1.0,1.0,0.8311682257017253,-0.5302134361102985,2.037472575351489,0.0,0.0,0.0,0.0,1.0,0.0
1.0,1.0,0.0,0.0,1.0,0.0,0.0,1.0,0.0,1.0,-0.2717848041405187,0.3972391191881365,0.06086038225937946,0.0,0.0,0.0,0.0,1.0,0.0
1.0,0.0,0.0,0.0,0.0,0.0,0.0,0.0,1.0,1.0,-0.5667733793052082,10.198747970260007,-0.6880423741295564,0.0,0.0,0.0,0.0,1.0,0.0
1.0,0.0,0.0,0.0,0.0,0.0,0.0,0.0,1.0,1.0,-0.2927994075812781,-0.5302134361102985,-0.614379807927366,0.0,0.0,0.0,0.0,1.0,0.0
1.0,1.0,0.0,0.0,0.0,0.0,0.0,0.0,0.0,1.0,-0.3478451225641627,0.08808826742199147,-0.4670546755229852,0.0,0.0,0.0,0.0,1.0,0.0
1.0,1.0,0.0,0.0,0.0,0.0,1.0,0.0,0.0,1.0,2.878210156390025,-0.5302134361102985,2.7495440486393297,0.0,0.0,0.0,0.0,1.0,0.0
1.0,0.0,0.0,0.0,0.0,0.0,0.0,0.0,0.0,1.0,-0.4585638541251785,0.035136275375892784,-0.01280218394281095,0.0,0.0,0.0,0.0,1.0,0.0
1.0,1.0,0.0,1.0,1.0,0.0,0.0,0.0,1.0,1.0,0.6873593349914541,0.05099016521005406,0.44145030763736326,0.0,1.0,0.0,0.0,0.0,0.0
1.0,1.0,0.0,0.0,1.0,0.0,0.0,1.0,0.0,0.0,0.4469459986132143,-0.5302134361102985,0.0731374766264112,0.0,0.0,0.0,1.0,0.0,0.0
1.0,1.0,0.0,0.0,1.0,0.0,0.0,1.0,0.0,1.0,-0.2666095659797347,-0.5302134361102985,-0.36883792058673126,0.0,0.0,0.0,0.0,1.0,0.0
1.0,0.0,1.0,0.0,0.0,0.0,0.0,0.0,1.0,1.0,-0.42861020295215585,-0.5302134361102985,-1.0563552051405085,0.0,1.0,0.0,0.0,0.0,0.0
1.0,1.0,0.0,0.0,0.0,1.0,0.0,0.0,1.0,0.0,0.5252018726202212,-0.5302134361102985,1.3745094795317752,0.0,0.0,0.0,0.0,1.0,0.0
1.0,1.0,0.0,0.0,0.0,0.0,1.0,1.0,0.0,1.0,-0.2274032162768254,1.9271394881847002,1.7673764992767906,0.0,0.0,0.0,0.0,1.0,0.0
1.0,1.0,0.0,0.0,0.0,0.0,0.0,1.0,0.0,1.0,0.3337180606712123,-0.20996486146024063,0.3555106470681411,0.0,0.0,0.0,0.0,1.0,0.0
1.0,1.0,1.0,0.0,0.0,0.0,0.0,0.0,0.0,1.0,-0.4008521073624961,0.35506777222926744,0.1099687597275064,0.0,0.0,0.0,0.0,1.0,0.0
1.0,1.0,0.0,0.0,0.0,0.0,1.0,0.0,0.0,0.0,-0.3214984555638077,0.2624810555977656,-0.2828982600175091,0.0,0.0,0.0,0.0,1.0,0.0
1.0,0.0,1.0,0.0,0.0,0.0,0.0,0.0,0.0,1.0,-0.29044702659910354,-0.12213431177898713,-0.565271430459239,0.0,0.0,0.0,0.0,1.0,0.0
1.0,0.0,0.0,0.0,0.0,0.0,0.0,1.0,0.0,1.0,-0.20654543823487767,-0.5302134361102985,-0.29517535438454084,0.0,0.0,0.0,0.0,1.0,0.0
1.0,1.0,0.0,0.0,1.0,0.0,0.0,0.0,1.0,1.0,2.02037522489037,-0.5302134361102985,4.345566316353455,0.0,0.0,0.0,0.0,1.0,0.0
0.0,0.0,0.0,0.0,0.0,0.0,0.0,1.0,0.0,0.0,-0.18035559663333425,-0.5302134361102985,-0.12329603324609657,0.0,0.0,0.0,0.0,1.0,0.0
1.0,1.0,0.0,0.0,0.0,0.0,0.0,0.0,1.0,0.0,-0.5680279824957013,-0.10849996652160843,-0.565271430459239,0.0,0.0,0.0,0.0,1.0,0.0
1.0,1.0,0.0,0.0,1.0,0.0,0.0,1.0,0.0,1.0,0.22346980530663138,-0.5302134361102985,0.6624380062439345,0.0,0.0,0.0,0.0,1.0,0.0
1.0,1.0,1.0,0.0,0.0,0.0,0.0,1.0,0.0,1.0,-0.5625390935372939,-0.20013544976306064,-0.5898256191933026,0.0,0.0,0.0,0.0,1.0,0.0
1.0,1.0,0.0,0.0,0.0,0.0,0.0,0.0,1.0,1.0,-0.10978416716809754,0.20952906355166687,-0.19695859944828698,0.0,0.0,0.0,0.0,1.0,0.0
1.0,1.0,0.0,0.0,0.0,1.0,0.0,0.0,1.0,1.0,-0.4626413144942811,0.053209709786836645,-0.4547775811559534,0.0,0.0,0.0,0.0,1.0,0.0
1.0,1.0,0.0,0.0,0.0,1.0,0.0,0.0,1.0,1.0,0.9890914023050439,-0.5302134361102985,0.5028357794725219,0.0,1.0,0.0,0.0,0.0,0.0
0.0,0.0,0.0,0.0,0.0,0.0,0.0,1.0,0.0,1.0,-0.1416197231268599,-0.5302134361102985,-0.381115014953763,0.0,0.0,0.0,0.0,1.0,0.0
1.0,0.0,1.0,0.0,0.0,0.0,0.0,0.0,0.0,1.0,-0.2535930578783688,-0.5302134361102985,-0.4425004867889217,0.0,0.0,0.0,0.0,1.0,0.0
1.0,0.0,0.0,0.0,0.0,0.0,0.0,0.0,0.0,1.0,-0.2485746451163964,-0.010205849549808483,-0.22151278818235046,0.0,0.0,0.0,0.0,1.0,0.0
1.0,1.0,1.0,0.0,0.0,0.0,1.0,0.0,1.0,0.0,-0.3925403612254793,-0.002595982429411068,-0.9335842614701911,0.0,1.0,0.0,0.0,0.0,0.0
0.0,0.0,0.0,0.0,0.0,0.0,0.0,0.0,0.0,1.0,-0.07057781746518826,-0.5302134361102985,-0.17240441071422352,0.0,0.0,0.0,0.0,1.0,0.0
1.0,1.0,0.0,0.0,1.0,0.0,0.0,1.0,0.0,1.0,1.1590901346168585,2.9474958379113203,2.491725066931663,0.0,0.0,0.0,0.0,1.0,0.0
1.0,0.0,1.0,0.0,0.0,0.0,0.0,1.0,0.0,1.0,0.20904186861596075,-0.5302134361102985,-0.19695859944828698,0.0,0.0,0.0,0.0,1.0,0.0
1.0,1.0,0.0,0.0,0.0,1.0,0.0,0.0,0.0,1.0,-0.533996870953576,-0.01686448328015622,-0.5529943360922073,0.0,0.0,0.0,0.0,1.0,0.0
1.0,1.0,0.0,0.0,0.0,0.0,0.0,0.0,0.0,1.0,-0.2719416295393303,-0.5302134361102985,-1.2773429037470796,0.0,1.0,0.0,0.0,0.0,0.0
0.0,0.0,0.0,0.0,0.0,0.0,0.0,1.0,0.0,1.0,0.7135491765929974,-0.5302134361102985,0.8343173273823788,0.0,0.0,0.0,0.0,1.0,0.0
1.0,1.0,0.0,1.0,1.0,0.0,0.0,0.0,1.0,0.0,0.7940006061833673,0.6905360811201201,0.17135423156266508,0.0,1.0,0.0,0.0,0.0,0.0
1.0,1.0,0.0,0.0,0.0,0.0,0.0,1.0,0.0,1.0,-0.43158988552957694,0.11472280234338242,-0.29517535438454084,0.0,0.0,0.0,0.0,1.0,0.0
1.0,1.0,1.0,0.0,1.0,0.0,0.0,0.0,1.0,1.0,-0.46107306050616476,0.09855183471253791,-0.07418765577796962,0.0,1.0,0.0,0.0,0.0,0.0
1.0,1.0,0.0,0.0,0.0,0.0,1.0,1.0,0.0,0.0,-0.3785829007312436,0.26374936678449845,0.14680004282860162,0.0,0.0,0.0,0.0,1.0,0.0
1.0,1.0,1.0,0.0,0.0,1.0,0.0,0.0,0.0,1.0,-0.2294419464613767,-0.08281666499026716,0.13452294846156987,0.0,0.0,0.0,0.0,1.0,0.0
0.0,0.0,0.0,0.0,0.0,0.0,0.0,0.0,0.0,1.0,-0.07057781746518826,0.2754812452617778,0.06086038225937946,0.0,0.0,0.0,0.0,0.0,1.0
0.0,0.0,0.0,0.0,0.0,0.0,0.0,1.0,0.0,1.0,-0.3972451231898284,-0.5302134361102985,-0.7617049403317468,0.0,0.0,0.0,0.0,1.0,0.0
1.0,0.0,0.0,1.0,0.0,0.0,0.0,0.0,1.0,0.0,1.6937079191657296,-0.5302134361102985,0.5642212513076806,0.0,0.0,0.0,0.0,1.0,0.0
1.0,1.0,0.0,0.0,0.0,0.0,0.0,1.0,0.0,1.0,-0.26268893100944374,-0.5302134361102985,-0.4425004867889217,0.0,0.0,0.0,0.0,1.0,0.0
1.0,0.0,0.0,0.0,0.0,0.0,0.0,0.0,1.0,1.0,-0.34831559876059764,0.3382626490050565,-0.4425004867889217,0.0,0.0,0.0,0.0,1.0,0.0
1.0,1.0,0.0,0.0,0.0,1.0,0.0,0.0,1.0,1.0,-0.22646226388395557,-0.0463527183716962,0.269570986498919,0.0,0.0,0.0,0.0,1.0,0.0
1.0,1.0,0.0,0.0,1.0,0.0,0.0,0.0,0.0,1.0,0.08624758134644887,-0.5302134361102985,0.17135423156266508,0.0,0.0,0.0,0.0,1.0,0.0
1.0,1.0,1.0,0.0,0.0,1.0,0.0,0.0,1.0,1.0,-0.19196067614539541,-0.20045252755974385,-0.4425004867889217,0.0,0.0,0.0,0.0,1.0,0.0
1.0,1.0,0.0,0.0,0.0,1.0,0.0,1.0,0.0,1.0,-0.1163708339181863,-0.09042653211066456,0.048583287892347726,0.0,0.0,0.0,0.0,1.0,0.0
1.0,1.0,0.0,0.0,0.0,0.0,0.0,0.0,0.0,1.0,-0.4668756002621953,0.05416094317688632,0.15907713719563335,0.0,0.0,0.0,0.0,1.0,0.0
0.0,0.0,0.0,0.0,0.0,0.0,0.0,1.0,0.0,0.0,-0.20137020007409365,-0.5302134361102985,-0.36883792058673126,0.0,0.0,0.0,0.0,1.0,0.0
0.0,1.0,1.0,0.0,0.0,1.0,0.0,1.0,0.0,1.0,-0.8217714777729301,0.3947024968146706,-0.5898256191933026,0.0,0.0,0.0,0.0,1.0,0.0
0.0,0.0,0.0,0.0,0.0,0.0,1.0,0.0,0.0,1.0,-0.37121210698709667,-0.5302134361102985,1.3376781964306799,0.0,0.0,0.0,0.0,1.0,0.0
1.0,0.0,0.0,0.0,0.0,1.0,0.0,0.0,0.0,1.0,-0.17188702509750586,-0.5302134361102985,-0.12329603324609657,0.0,0.0,0.0,0.0,1.0,0.0
1.0,1.0,1.0,0.0,0.0,1.0,0.0,0.0,0.0,1.0,-0.4969860768340296,-0.5302134361102985,-0.4056692036878265,0.0,0.0,0.0,0.0,1.0,0.0
0.0,1.0,0.0,0.0,0.0,0.0,0.0,0.0,1.0,0.0,-0.43990163166659374,0.5605341844799977,-0.31972954311860435,0.0,0.0,0.0,0.0,1.0,0.0
1.0,0.0,0.0,0.0,0.0,0.0,0.0,0.0,1.0,1.0,-0.4659346478693255,-0.5302134361102985,-1.0686322995075401,0.0,0.0,0.0,0.0,1.0,0.0
1.0,0.0,0.0,1.0,0.0,0.0,0.0,1.0,0.0,1.0,0.2564031390570752,-0.5302134361102985,-0.7617049403317468,0.0,0.0,0.0,0.0,1.0,0.0
1.0,1.0,0.0,0.0,0.0,0.0,0.0,0.0,0.0,1.0,-0.27382353432507,0.10394215725615275,-0.31972954311860435,0.0,0.0,0.0,0.0,1.0,0.0
1.0,1.0,0.0,0.0,1.0,0.0,0.0,0.0,0.0,1.0,-0.13597400876964094,-0.052060118711994265,-0.22151278818235046,0.0,0.0,0.0,0.0,1.0,0.0
1.0,1.0,0.0,0.0,0.0,1.0,0.0,1.0,0.0,1.0,0.07605393042369246,-0.5302134361102985,-0.16012731634719177,0.0,0.0,0.0,0.0,1.0,0.0
0.0,0.0,0.0,0.0,0.0,0.0,0.0,0.0,0.0,1.0,-0.48177401314930085,-0.5302134361102985,-1.2282345262789527,0.0,0.0,0.0,0.0,1.0,0.0
0.0,0.0,0.0,0.0,1.0,0.0,0.0,0.0,1.0,1.0,-0.4036749645411055,-0.035572073284466536,-0.6880423741295564,0.0,0.0,0.0,0.0,1.0,0.0
1.0,0.0,0.0,0.0,0.0,0.0,0.0,0.0,0.0,1.0,-0.21250480338971986,0.5627537290567802,0.06086038225937946,0.0,0.0,0.0,0.0,1.0,0.0
1.0,1.0,0.0,0.0,0.0,1.0,0.0,1.0,0.0,1.0,0.17093329670473292,-0.5302134361102985,0.7238234780790932,0.0,0.0,0.0,0.0,1.0,0.0
1.0,1.0,0.0,0.0,0.0,0.0,1.0,1.0,0.0,1.0,-0.11903686569798413,-0.5302134361102985,-0.565271430459239,0.0,0.0,0.0,0.0,1.0,0.0
1.0,1.0,0.0,0.0,0.0,0.0,0.0,1.0,0.0,1.0,-0.5280375057987338,0.4685816234418622,-0.22151278818235046,0.0,0.0,0.0,0.0,1.0,0.0
1.0,1.0,0.0,0.0,1.0,0.0,0.0,1.0,0.0,1.0,0.13721583596023096,-0.5302134361102985,0.3555106470681411,0.0,0.0,0.0,0.0,1.0,0.0
1.0,0.0,0.0,0.0,0.0,0.0,0.0,0.0,1.0,1.0,0.20888504321714912,-0.5302134361102985,-0.22151278818235046,0.0,0.0,0.0,0.0,1.0,0.0
1.0,0.0,0.0,0.0,0.0,0.0,0.0,0.0,0.0,1.0,-0.2782146454917958,0.8335381674242549,0.3186793639670459,0.0,0.0,0.0,0.0,1.0,0.0
1.0,1.0,0.0,0.0,0.0,0.0,1.0,0.0,0.0,1.0,-0.43660829829154935,0.13025961438086048,-0.6266569022943977,0.0,0.0,0.0,0.0,1.0,0.0
1.0,1.0,0.0,0.0,0.0,0.0,0.0,0.0,1.0,1.0,-0.47832385437544483,-0.5302134361102985,-0.8721987896350324,0.0,0.0,0.0,0.0,1.0,0.0
1.0,1.0,0.0,0.0,0.0,1.0,0.0,1.0,0.0,1.0,-0.07057781746518826,0.6325108443270899,1.104413403457077,0.0,0.0,0.0,0.0,1.0,0.0
0.0,0.0,0.0,0.0,0.0,0.0,0.0,1.0,0.0,1.0,-0.35929337667741224,-0.5302134361102985,-0.565271430459239,0.0,0.0,0.0,0.0,1.0,0.0
1.0,1.0,1.0,0.0,0.0,0.0,0.0,0.0,1.0,1.0,-0.47832385437544483,0.6746821912859589,-0.22151278818235046,0.0,1.0,0.0,0.0,0.0,0.0
0.0,1.0,0.0,0.0,0.0,0.0,0.0,1.0,0.0,1.0,-0.35803877348691915,0.1936751737175056,0.09769166536047466,0.0,0.0,0.0,0.0,1.0,0.0
1.0,1.0,0.0,0.0,0.0,0.0,0.0,1.0,0.0,1.0,1.4788571227937868,-0.5302134361102985,-0.614379807927366,0.0,0.0,0.0,0.0,1.0,0.0
0.0,0.0,0.0,0.0,0.0,0.0,0.0,0.0,1.0,1.0,-0.3199302015756913,-0.5302134361102985,-0.7125965628636198,0.0,0.0,0.0,0.0,1.0,0.0
1.0,1.0,0.0,0.0,0.0,0.0,0.0,0.0,1.0,1.0,0.38939107724934346,-0.5302134361102985,1.5832200837713146,0.0,0.0,0.0,0.0,1.0,0.0
1.0,1.0,0.0,0.0,0.0,0.0,0.0,0.0,1.0,1.0,0.10710535938839662,0.7082924377343808,2.1847977077558696,0.0,0.0,0.0,0.0,1.0,0.0
1.0,1.0,0.0,0.0,1.0,0.0,0.0,0.0,1.0,1.0,-0.5074933785544093,-0.08693867634714908,-0.7494278459647151,0.0,0.0,0.0,0.0,1.0,0.0
0.0,0.0,0.0,0.0,0.0,0.0,0.0,1.0,0.0,1.0,-0.2079568668241824,-0.5302134361102985,-0.381115014953763,0.0,0.0,0.0,0.0,1.0,0.0
1.0,1.0,0.0,1.0,1.0,0.0,0.0,0.0,1.0,1.0,-0.6978794127117368,0.4279956654664093,-0.4425004867889217,0.0,0.0,0.0,0.0,1.0,0.0
0.0,1.0,0.0,0.0,1.0,0.0,0.0,1.0,0.0,1.0,-0.13205337379935003,0.3718728954534784,-0.07418765577796962,0.0,1.0,0.0,0.0,0.0,0.0
1.0,1.0,0.0,0.0,0.0,0.0,0.0,0.0,0.0,1.0,0.005952977154890664,-0.5302134361102985,-0.25834407128344566,0.0,0.0,0.0,0.0,1.0,0.0
1.0,1.0,1.0,0.0,0.0,1.0,0.0,1.0,0.0,1.0,0.10585075619790352,-0.014962016500056867,0.5028357794725219,0.0,0.0,0.0,0.0,0.0,1.0
1.0,1.0,1.0,0.0,0.0,0.0,0.0,0.0,0.0,0.0,0.10130281963236605,-0.5302134361102985,0.8834257048505058,0.0,0.0,0.0,0.0,1.0,0.0
1.0,1.0,0.0,0.0,1.0,0.0,0.0,0.0,0.0,0.0,-0.0792032143998283,-0.5302134361102985,-0.22151278818235046,0.0,0.0,0.0,0.0,1.0,0.0
0.0,0.0,1.0,0.0,0.0,0.0,1.0,0.0,1.0,0.0,-0.567714331698078,-0.5302134361102985,-0.22151278818235046,0.0,0.0,0.0,0.0,1.0,0.0
1.0,1.0,1.0,0.0,1.0,0.0,0.0,0.0,1.0,1.0,-0.3216552809626193,-0.010205849549808483,-0.43022339242188995,0.0,1.0,0.0,0.0,0.0,0.0
1.0,1.0,0.0,0.0,1.0,0.0,0.0,0.0,1.0,1.0,-0.5388584583167367,0.3972391191881365,-0.4056692036878265,0.0,0.0,0.0,0.0,1.0,0.0
0.0,0.0,0.0,0.0,0.0,0.0,0.0,1.0,0.0,0.0,-0.6194667133059183,0.04052659791950762,-0.5284401473581438,0.0,0.0,0.0,0.0,1.0,0.0
1.0,1.0,0.0,0.0,1.0,0.0,0.0,1.0,0.0,1.0,-0.46405274308358585,0.12106435827704692,-0.5161630529911121,0.0,0.0,0.0,0.0,1.0,0.0
0.0,1.0,0.0,0.0,1.0,0.0,0.0,0.0,1.0,1.0,-0.12295750066827506,-0.5302134361102985,-0.1355731276131283,0.0,0.0,0.0,0.0,1.0,0.0
1.0,1.0,0.0,1.0,1.0,0.0,0.0,0.0,0.0,0.0,-0.5131390929116283,-0.5302134361102985,-0.982692638938318,0.0,0.0,0.0,1.0,0.0,0.0
1.0,0.0,0.0,0.0,0.0,0.0,0.0,0.0,1.0,1.0,-0.4728349654170375,-0.5302134361102985,-0.8721987896350324,0.0,0.0,0.0,0.0,1.0,0.0
1.0,0.0,0.0,1.0,0.0,0.0,0.0,0.0,1.0,1.0,0.8703745754046346,-0.5302134361102985,-0.7739820346987786,0.0,0.0,0.0,0.0,1.0,0.0
1.0,1.0,0.0,0.0,0.0,0.0,0.0,0.0,0.0,1.0,0.059430438149658926,-0.5302134361102985,-0.0987418445120331,0.0,0.0,0.0,0.0,1.0,0.0
1.0,0.0,1.0,0.0,0.0,0.0,0.0,0.0,0.0,1.0,0.1201218674897625,-0.5302134361102985,-0.16012731634719177,0.0,0.0,0.0,0.0,1.0,0.0
1.0,1.0,1.0,0.0,0.0,0.0,0.0,0.0,0.0,1.0,-0.4469587746131174,0.008818818251185054,-0.4793317698900169,0.0,0.0,0.0,0.0,1.0,0.0
0.0,0.0,0.0,0.0,0.0,0.0,0.0,0.0,1.0,0.0,-0.35600004330236784,-0.5302134361102985,-0.9213071671031594,0.0,0.0,0.0,0.0,1.0,0.0
0.0,0.0,0.0,0.0,0.0,0.0,0.0,1.0,0.0,1.0,-0.20137020007409365,-0.5302134361102985,-1.2527887150130161,0.0,0.0,0.0,0.0,1.0,0.0
0.0,0.0,1.0,0.0,0.0,0.0,0.0,1.0,0.0,1.0,-0.5151778230961795,-0.5302134361102985,-0.9335842614701911,0.0,0.0,0.0,0.0,1.0,0.0
1.0,1.0,1.0,0.0,1.0,0.0,0.0,0.0,1.0,1.0,0.18159742382392427,-0.5302134361102985,-0.11101893887906483,0.0,1.0,0.0,0.0,0.0,0.0
0.0,0.0,0.0,0.0,0.0,0.0,0.0,0.0,1.0,0.0,-0.47832385437544483,0.060502499110550834,-0.5161630529911121,0.0,0.0,0.0,0.0,1.0,0.0
1.0,1.0,0.0,0.0,1.0,0.0,0.0,0.0,0.0,1.0,-0.5598730617574962,-0.5302134361102985,-1.0440781107734767,0.0,0.0,0.0,0.0,1.0,0.0
1.0,1.0,0.0,0.0,0.0,1.0,0.0,0.0,0.0,1.0,-0.3042476616945276,0.8700021140428258,1.1903530640262991,0.0,0.0,0.0,0.0,1.0,0.0
1.0,1.0,0.0,0.0,0.0,0.0,0.0,0.0,1.0,1.0,-0.38218988490391126,0.43148352122992484,-0.6266569022943977,0.0,0.0,0.0,1.0,0.0,0.0
1.0,0.0,0.0,0.0,0.0,0.0,0.0,0.0,0.0,1.0,-0.3873651230646953,0.13025961438086048,-0.31972954311860435,0.0,0.0,0.0,0.0,1.0,0.0
1.0,0.0,0.0,0.0,0.0,0.0,0.0,1.0,0.0,1.0,-0.4836559179350405,0.27231046729494557,-0.12329603324609657,0.0,0.0,0.0,0.0,1.0,0.0
1.0,1.0,0.0,0.0,0.0,0.0,0.0,0.0,1.0,1.0,-0.17518035847255023,0.2469442435602875,-0.4425004867889217,0.0,0.0,0.0,0.0,1.0,0.0
1.0,1.0,0.0,0.0,0.0,0.0,0.0,0.0,0.0,1.0,-0.34502226538555325,-0.5302134361102985,0.2941251752329824,0.0,0.0,0.0,0.0,1.0,0.0
1.0,1.0,0.0,0.0,0.0,0.0,1.0,0.0,0.0,1.0,0.517517428078451,1.0539072361190966,-0.19695859944828698,0.0,0.0,0.0,0.0,1.0,0.0
0.0,0.0,0.0,0.0,1.0,0.0,0.0,1.0,0.0,1.0,-0.3087955982600651,-0.5302134361102985,0.1099687597275064,0.0,0.0,0.0,0.0,0.0,0.0
1.0,0.0,0.0,0.0,0.0,0.0,0.0,1.0,0.0,1.0,-0.39442226601121894,-0.5302134361102985,-0.5898256191933026,0.0,0.0,0.0,0.0,1.0,0.0
0.0,0.0,0.0,0.0,0.0,0.0,0.0,1.0,0.0,1.0,0.45212123677399835,-0.5302134361102985,1.6446055556064734,0.0,0.0,0.0,0.0,1.0,0.0
1.0,0.0,0.0,0.0,0.0,0.0,0.0,0.0,1.0,1.0,-0.2666095659797347,0.9759060981350232,0.36778774143517284,0.0,0.0,0.0,0.0,1.0,0.0
1.0,1.0,0.0,1.0,0.0,1.0,0.0,0.0,0.0,1.0,1.73683490383893,-0.20869655027350772,0.048583287892347726,0.0,0.0,0.0,0.0,1.0,0.0
1.0,1.0,0.0,0.0,0.0,0.0,1.0,0.0,0.0,1.0,0.15164377265090156,-0.5302134361102985,0.13452294846156987,0.0,1.0,0.0,0.0,0.0,0.0
1.0,1.0,0.0,0.0,0.0,0.0,0.0,1.0,0.0,1.0,-0.09253337329881746,-0.26703886486322126,-0.25834407128344566,0.0,0.0,0.0,0.0,1.0,0.0
1.0,1.0,0.0,0.0,0.0,0.0,0.0,1.0,0.0,1.0,-0.4626413144942811,0.14135733726477337,-0.5161630529911121,0.0,0.0,0.0,0.0,1.0,0.0
1.0,1.0,0.0,0.0,0.0,0.0,0.0,0.0,1.0,1.0,-0.27319623272982346,0.28435942356890814,0.33095645833407766,0.0,0.0,0.0,0.0,1.0,0.0
0.0,0.0,1.0,0.0,0.0,0.0,0.0,0.0,1.0,0.0,-0.42813972675572093,-0.5302134361102985,-0.8108133177998738,0.0,0.0,0.0,0.0,1.0,0.0
0.0,0.0,0.0,1.0,0.0,0.0,0.0,1.0,0.0,0.0,-0.13597400876964094,-0.5302134361102985,-0.16012731634719177,0.0,0.0,0.0,0.0,1.0,0.0
1.0,1.0,0.0,0.0,0.0,0.0,0.0,1.0,0.0,1.0,-0.13330797698984312,-0.5302134361102985,-0.896752978369096,0.0,1.0,0.0,0.0,0.0,0.0
1.0,1.0,0.0,0.0,0.0,1.0,0.0,1.0,0.0,1.0,0.19602536051459488,0.024672708085346336,1.0307508372548866,0.0,0.0,0.0,1.0,0.0,0.0
0.0,0.0,1.0,0.0,0.0,0.0,0.0,0.0,0.0,1.0,-0.3214984555638077,-0.5302134361102985,-0.6266569022943977,0.0,0.0,0.0,0.0,1.0,0.0
1.0,1.0,0.0,0.0,1.0,0.0,0.0,0.0,1.0,1.0,-0.3760736943502574,-0.20362330552657612,-0.565271430459239,0.0,0.0,0.0,0.0,1.0,0.0
1.0,0.0,0.0,0.0,0.0,0.0,0.0,0.0,1.0,1.0,-0.41041845669000593,-0.5302134361102985,-0.9213071671031594,0.0,0.0,0.0,0.0,1.0,0.0
1.0,0.0,0.0,1.0,0.0,0.0,0.0,0.0,1.0,0.0,0.7787885424986385,-0.5302134361102985,0.5028357794725219,0.0,0.0,0.0,0.0,1.0,0.0
0.0,0.0,0.0,0.0,0.0,0.0,0.0,1.0,0.0,1.0,-0.2274032162768254,0.1911385513440398,-0.025079278309842686,0.0,0.0,0.0,0.0,1.0,0.0
1.0,1.0,0.0,1.0,0.0,0.0,0.0,1.0,0.0,1.0,0.00830535813706522,0.8934658709973845,-0.9335842614701911,0.0,0.0,0.0,0.0,1.0,0.0
1.0,1.0,0.0,1.0,0.0,1.0,0.0,0.0,1.0,1.0,-0.005181626160735573,0.8002449987725162,1.4850033288350608,0.0,0.0,0.0,0.0,1.0,0.0
1.0,1.0,0.0,0.0,1.0,0.0,0.0,1.0,0.0,1.0,-0.3599206782726588,0.03386796418915988,-0.07418765577796962,0.0,0.0,0.0,0.0,1.0,0.0
1.0,0.0,0.0,0.0,0.0,1.0,0.0,0.0,0.0,0.0,-0.29844512193849704,-0.5302134361102985,-0.8108133177998738,0.0,0.0,0.0,0.0,1.0,0.0
1.0,1.0,0.0,0.0,0.0,0.0,0.0,0.0,0.0,1.0,-0.42061210761276235,0.08808826742199147,0.1099687597275064,0.0,0.0,0.0,0.0,1.0,0.0
1.0,1.0,0.0,0.0,0.0,0.0,0.0,0.0,1.0,1.0,-0.12938734201955218,0.37567782901367713,-0.43022339242188995,0.0,0.0,0.0,0.0,0.0,0.0
1.0,1.0,0.0,0.0,0.0,1.0,0.0,0.0,1.0,1.0,0.9357707667090872,-0.17318383704498647,0.9693653654197278,0.0,0.0,0.0,0.0,1.0,0.0
1.0,0.0,0.0,0.0,1.0,0.0,0.0,1.0,0.0,1.0,5.060592406252767,-0.5302134361102985,0.0731374766264112,0.0,0.0,0.0,0.0,1.0,0.0
1.0,1.0,0.0,1.0,0.0,1.0,0.0,1.0,0.0,1.0,-0.13597400876964094,0.13025961438086048,0.17135423156266508,0.0,0.0,0.0,0.0,1.0,0.0
1.0,1.0,0.0,0.0,0.0,1.0,0.0,0.0,1.0,1.0,-0.37278036097521305,2.0400191838039285,0.6624380062439345,0.0,0.0,0.0,0.0,1.0,0.0
1.0,0.0,1.0,0.0,0.0,0.0,0.0,0.0,0.0,1.0,-0.08861273832852654,-0.5302134361102985,-1.2036803375448892,0.0,0.0,0.0,0.0,1.0,0.0
1.0,1.0,0.0,0.0,0.0,1.0,0.0,0.0,1.0,1.0,-0.4938495688577969,-0.2176381480083238,-0.8353675065339372,0.0,1.0,0.0,0.0,0.0,0.0
0.0,0.0,0.0,0.0,0.0,1.0,0.0,1.0,0.0,1.0,-0.2666095659797347,0.13025961438086048,-0.31972954311860435,0.0,0.0,0.0,0.0,1.0,0.0
1.0,1.0,0.0,0.0,0.0,1.0,0.0,1.0,0.0,1.0,0.39989837896972313,-0.5302134361102985,0.6624380062439345,0.0,0.0,0.0,0.0,1.0,0.0
1.0,1.0,0.0,0.0,1.0,0.0,0.0,0.0,1.0,0.0,0.14897774087110374,1.7686005898430872,0.4168961189032998,0.0,0.0,0.0,0.0,1.0,0.0
1.0,1.0,1.0,0.0,0.0,1.0,0.0,0.0,1.0,1.0,-0.1822375014190739,0.5044114144670667,-0.16012731634719177,0.0,1.0,0.0,0.0,0.0,0.0
0.0,0.0,1.0,0.0,0.0,0.0,0.0,0.0,1.0,1.0,-0.5556387759895819,0.2196755530455301,-0.31972954311860435,0.0,0.0,0.0,0.0,1.0,0.0
0.0,1.0,0.0,0.0,1.0,0.0,0.0,1.0,0.0,1.0,-0.3331035350758688,-0.24072140773851353,-0.5038859586240804,0.0,0.0,0.0,0.0,0.0,0.0
1.0,1.0,0.0,0.0,0.0,0.0,0.0,1.0,0.0,1.0,-0.3842286150884625,0.5529243173596002,-1.1054635826086354,0.0,1.0,0.0,0.0,0.0,0.0
1.0,0.0,0.0,0.0,1.0,0.0,0.0,0.0,1.0,0.0,-0.37450544036214106,0.09982014589927081,-0.43022339242188995,0.0,1.0,0.0,0.0,0.0,0.0
1.0,1.0,0.0,1.0,0.0,0.0,0.0,1.0,0.0,1.0,-0.5280375057987338,0.7644152077473116,0.17135423156266508,0.0,0.0,0.0,0.0,1.0,0.0
1.0,1.0,1.0,0.0,0.0,0.0,0.0,0.0,0.0,1.0,-0.5013771880007555,0.11440572454669919,-0.4425004867889217,0.0,0.0,0.0,0.0,1.0,0.0
1.0,0.0,0.0,0.0,0.0,0.0,0.0,0.0,1.0,1.0,-0.5388584583167367,0.08142963369164373,-0.8844758840020641,0.0,0.0,0.0,0.0,1.0,0.0
1.0,0.0,1.0,0.0,0.0,0.0,0.0,1.0,0.0,1.0,-0.266923216777358,-0.0013276712426781656,-0.4425004867889217,0.0,0.0,0.0,0.0,1.0,0.0
1.0,0.0,0.0,0.0,0.0,0.0,0.0,0.0,1.0,1.0,-0.2666095659797347,-0.5302134361102985,-0.565271430459239,0.0,0.0,0.0,0.0,1.0,0.0
1.0,1.0,1.0,0.0,0.0,0.0,1.0,1.0,0.0,1.0,-0.250927026098571,-0.21852596197068772,-0.565271430459239,0.0,0.0,0.0,0.0,1.0,0.0
1.0,0.0,0.0,0.0,0.0,1.0,0.0,0.0,0.0,1.0,0.012853294702602698,0.9435641628733341,0.19590842029672856,0.0,0.0,0.0,0.0,1.0,0.0
1.0,1.0,0.0,0.0,0.0,0.0,0.0,0.0,1.0,1.0,-0.18019877123452263,-0.5302134361102985,-0.3442837318526678,0.0,0.0,0.0,0.0,1.0,0.0
1.0,1.0,0.0,0.0,1.0,0.0,0.0,0.0,1.0,1.0,0.09926408944781476,0.8173671997934103,2.25846027395806,0.0,0.0,0.0,0.0,1.0,0.0
1.0,1.0,0.0,0.0,0.0,0.0,0.0,0.0,1.0,1.0,-0.49792702922689946,0.12518636963392887,-0.22151278818235046,0.0,0.0,0.0,0.0,1.0,0.0
1.0,1.0,1.0,0.0,0.0,1.0,0.0,0.0,0.0,1.0,0.347675521165448,-0.5302134361102985,0.47828159073845844,0.0,0.0,0.0,0.0,1.0,0.0
1.0,1.0,0.0,0.0,0.0,0.0,0.0,1.0,0.0,1.0,-0.22850099406850685,0.5078992702305822,0.7483776668131567,0.0,0.0,0.0,0.0,1.0,0.0
1.0,1.0,1.0,0.0,0.0,1.0,0.0,1.0,0.0,1.0,-0.5421517916917812,-0.014962016500056867,-0.4056692036878265,0.0,1.0,0.0,0.0,0.0,0.0
1.0,0.0,1.0,0.0,0.0,0.0,0.0,0.0,0.0,1.0,0.2952958379623612,-0.5302134361102985,-0.31972954311860435,0.0,0.0,0.0,0.0,1.0,0.0
1.0,1.0,0.0,0.0,0.0,0.0,0.0,0.0,1.0,0.0,-0.05238607120303835,-0.07013355312293813,0.23273970339782377,0.0,0.0,0.0,0.0,1.0,0.0
1.0,0.0,0.0,0.0,0.0,0.0,0.0,1.0,0.0,1.0,-0.12076194508491214,0.13152792556759338,-0.22151278818235046,0.0,0.0,0.0,0.0,1.0,0.0
1.0,1.0,0.0,0.0,0.0,0.0,0.0,0.0,1.0,1.0,0.05817583495916583,-0.5302134361102985,-0.025079278309842686,0.0,0.0,0.0,0.0,1.0,0.0
1.0,1.0,1.0,0.0,1.0,0.0,0.0,0.0,1.0,1.0,-0.305815915682644,-0.18681818230236516,-0.1355731276131283,0.0,0.0,0.0,0.0,1.0,0.0
1.0,1.0,0.0,0.0,1.0,0.0,0.0,0.0,1.0,1.0,0.0791904383999252,1.2533491702328456,2.074303858452584,0.0,0.0,0.0,0.0,1.0,0.0
1.0,0.0,0.0,0.0,0.0,0.0,0.0,1.0,0.0,1.0,-0.4626413144942811,5.811342497554214,-0.5284401473581438,0.0,0.0,0.0,0.0,1.0,0.0
1.0,1.0,0.0,0.0,0.0,0.0,0.0,1.0,0.0,1.0,0.08624758134644887,0.18321160642695916,1.4604491401009974,0.0,0.0,0.0,0.0,1.0,0.0
1.0,0.0,0.0,1.0,0.0,0.0,0.0,0.0,1.0,1.0,2.307836180912101,-0.5302134361102985,6.187130471408215,0.0,0.0,0.0,0.0,0.0,1.0
0.0,0.0,0.0,0.0,0.0,0.0,0.0,0.0,1.0,1.0,-0.38501274208252073,-0.5302134361102985,-1.0563552051405085,0.0,0.0,0.0,0.0,1.0,0.0
0.0,0.0,0.0,1.0,0.0,0.0,0.0,1.0,0.0,1.0,-0.4469587746131174,0.014209140794799891,-0.5775485248262708,0.0,0.0,0.0,1.0,0.0,0.0
1.0,1.0,0.0,0.0,0.0,1.0,0.0,1.0,0.0,1.0,-0.3909721072373629,-0.5302134361102985,-0.798536223432842,0.0,0.0,0.0,0.0,1.0,0.0
1.0,1.0,0.0,0.0,0.0,0.0,0.0,1.0,0.0,1.0,-0.305815915682644,-0.0016447490393613914,-0.39339210932079477,0.0,0.0,0.0,0.0,1.0,0.0
0.0,1.0,0.0,0.0,0.0,1.0,0.0,1.0,0.0,1.0,-0.5361924265369389,-0.012742471923274289,-0.4056692036878265,0.0,0.0,0.0,0.0,0.0,1.0
1.0,1.0,0.0,0.0,0.0,0.0,0.0,0.0,1.0,1.0,-0.4469587746131174,0.5795588522809912,-0.381115014953763,0.0,0.0,0.0,0.0,1.0,0.0
0.0,1.0,0.0,1.0,1.0,0.0,0.0,1.0,0.0,1.0,2.200881258922564,-0.5302134361102985,5.573275753056629,0.0,0.0,0.0,0.0,1.0,0.0
0.0,1.0,0.0,0.0,0.0,1.0,0.0,1.0,0.0,1.0,-0.18302162841313208,0.22538295338582817,-0.23378988254938218,0.0,0.0,0.0,0.0,1.0,0.0
1.0,1.0,1.0,0.0,0.0,0.0,1.0,0.0,0.0,1.0,-0.369330202201357,-0.5302134361102985,-0.4056692036878265,0.0,0.0,0.0,0.0,1.0,0.0
1.0,1.0,0.0,0.0,0.0,1.0,0.0,0.0,0.0,1.0,0.45212123677399835,0.47397194598547704,0.23273970339782377,0.0,0.0,0.0,0.0,1.0,0.0
1.0,1.0,0.0,0.0,0.0,0.0,0.0,1.0,0.0,1.0,0.12545393104935817,-0.5302134361102985,-0.22151278818235046,0.0,0.0,0.0,0.0,1.0,0.0
1.0,1.0,1.0,0.0,0.0,1.0,0.0,0.0,1.0,1.0,-0.3414152812128856,0.04686815385317213,-0.798536223432842,0.0,0.0,0.0,0.0,1.0,0.0
1.0,1.0,0.0,1.0,0.0,0.0,0.0,0.0,0.0,1.0,-0.45056575878578503,0.6588283014517975,0.0731374766264112,0.0,0.0,0.0,0.0,1.0,0.0
1.0,1.0,1.0,1.0,0.0,1.0,0.0,0.0,0.0,1.0,0.1463117090913059,-0.2131356394270729,0.5028357794725219,0.0,0.0,0.0,0.0,1.0,0.0
1.0,1.0,0.0,0.0,0.0,0.0,0.0,0.0,1.0,1.0,-0.5319581407690247,0.14643058201170497,-0.7125965628636198,0.0,0.0,0.0,0.0,1.0,0.0
1.0,1.0,0.0,0.0,0.0,1.0,0.0,0.0,0.0,0.0,-0.3309079794925059,0.01198959621801731,0.048583287892347726,0.0,0.0,0.0,0.0,1.0,0.0
1.0,1.0,0.0,1.0,0.0,0.0,1.0,0.0,0.0,1.0,0.03559297753029008,-0.07869465363338522,-0.565271430459239,0.0,0.0,0.0,0.0,1.0,0.0
0.0,1.0,1.0,0.0,0.0,0.0,0.0,0.0,0.0,1.0,-0.2117206763956617,-0.5302134361102985,-0.2706211656504774,0.0,0.0,0.0,0.0,1.0,0.0
1.0,1.0,0.0,0.0,0.0,0.0,0.0,0.0,0.0,1.0,-0.44303813964282646,1.4515227931598615,0.5028357794725219,0.0,0.0,0.0,0.0,1.0,0.0
0.0,0.0,0.0,0.0,0.0,0.0,0.0,0.0,1.0,1.0,-0.4212394092080089,-0.06759693074947232,-0.4425004867889217,0.0,0.0,0.0,0.0,1.0,0.0
1.0,1.0,1.0,0.0,0.0,1.0,0.0,0.0,1.0,0.0,-0.40163623435655427,-0.5302134361102985,-1.2405116206459845,0.0,1.0,0.0,0.0,0.0,0.0
1.0,1.0,0.0,0.0,0.0,0.0,1.0,0.0,1.0,1.0,-0.031371467762278976,-0.5302134361102985,-0.6389339966614295,0.0,0.0,0.0,0.0,1.0,0.0
1.0,0.0,0.0,0.0,0.0,0.0,0.0,1.0,0.0,1.0,-0.305815915682644,-0.5302134361102985,-0.798536223432842,0.0,0.0,0.0,1.0,0.0,0.0
1.0,1.0,0.0,0.0,1.0,0.0,0.0,1.0,0.0,1.0,-0.3646254402370079,0.2887985127224733,0.2941251752329824,0.0,0.0,0.0,0.0,1.0,0.0
1.0,1.0,0.0,0.0,0.0,0.0,0.0,1.0,0.0,1.0,0.8441847338030912,-0.5302134361102985,1.0798592147230135,0.0,0.0,0.0,0.0,1.0,0.0
1.0,1.0,0.0,1.0,0.0,1.0,0.0,0.0,1.0,1.0,-0.3346717890639852,0.5795588522809912,-0.7125965628636198,0.0,0.0,0.0,0.0,1.0,0.0
1.0,1.0,0.0,0.0,0.0,0.0,0.0,0.0,0.0,0.0,-0.29060385199791516,0.15372337133541916,-0.3320066374856361,0.0,0.0,0.0,0.0,1.0,0.0
1.0,1.0,0.0,1.0,0.0,1.0,0.0,0.0,0.0,0.0,0.18551805879421518,-0.5302134361102985,-0.22151278818235046,0.0,0.0,0.0,0.0,1.0,0.0
1.0,1.0,0.0,0.0,0.0,0.0,0.0,0.0,0.0,1.0,-0.38187623410628796,0.16355278303259915,0.08541457099344293,0.0,0.0,0.0,0.0,1.0,0.0
1.0,0.0,0.0,0.0,0.0,1.0,0.0,1.0,0.0,0.0,-0.08265337317368432,-0.5302134361102985,0.2450167977648555,0.0,0.0,0.0,0.0,1.0,0.0
0.0,0.0,0.0,0.0,0.0,0.0,0.0,0.0,0.0,1.0,-0.4615435367025996,-0.5302134361102985,-1.1054635826086354,0.0,0.0,0.0,0.0,1.0,0.0
1.0,1.0,0.0,0.0,0.0,0.0,0.0,0.0,0.0,1.0,-0.37246671017758975,0.2358465206763746,-0.08646475014500137,0.0,0.0,0.0,0.0,1.0,0.0
1.0,1.0,0.0,0.0,0.0,0.0,0.0,0.0,0.0,1.0,0.6081625085915773,-0.5302134361102985,0.5151128738395536,0.0,1.0,0.0,0.0,0.0,0.0
1.0,1.0,1.0,0.0,0.0,0.0,0.0,0.0,0.0,0.0,-0.2945244869682061,0.7742446194444916,0.0731374766264112,0.0,0.0,0.0,0.0,1.0,0.0
1.0,1.0,0.0,0.0,1.0,0.0,0.0,1.0,0.0,1.0,4.453207636655296,-0.5302134361102985,1.3990636682658386,0.0,0.0,0.0,0.0,1.0,0.0
1.0,0.0,0.0,0.0,0.0,0.0,0.0,0.0,1.0,1.0,0.5827567939840921,-0.5302134361102985,1.2026301583933308,0.0,0.0,0.0,0.0,1.0,0.0
1.0,1.0,0.0,1.0,1.0,0.0,0.0,0.0,0.0,0.0,0.5043440945782734,1.0497852247622148,2.82320661484152,0.0,0.0,0.0,0.0,1.0,0.0
1.0,1.0,1.0,1.0,0.0,0.0,0.0,0.0,1.0,1.0,-0.11840956410273759,-0.5302134361102985,-0.614379807927366,0.0,0.0,0.0,0.0,1.0,0.0
1.0,1.0,0.0,0.0,0.0,0.0,0.0,0.0,0.0,1.0,0.2952958379623612,2.1119958436510204,0.3555106470681411,0.0,0.0,0.0,1.0,0.0,0.0
1.0,1.0,1.0,0.0,0.0,0.0,0.0,0.0,1.0,1.0,-0.4888311560958245,-0.04952349633852846,-0.6266569022943977,0.0,0.0,0.0,0.0,1.0,0.0
1.0,1.0,1.0,0.0,0.0,0.0,0.0,1.0,0.0,0.0,-0.5931200463055633,0.7032191929874492,0.6747151006109662,0.0,0.0,0.0,0.0,1.0,0.0
1.0,0.0,0.0,0.0,0.0,0.0,0.0,0.0,1.0,1.0,-0.2666095659797347,-0.5302134361102985,-0.4056692036878265,0.0,0.0,0.0,0.0,0.0,1.0
1.0,1.0,0.0,0.0,0.0,1.0,0.0,0.0,1.0,1.0,-0.3398470272247692,0.11503988014006564,0.024029099158284255,0.0,0.0,0.0,0.0,1.0,0.0
1.0,1.0,0.0,0.0,0.0,0.0,1.0,0.0,0.0,1.0,0.6357637787824254,-0.5302134361102985,1.5832200837713146,0.0,0.0,0.0,0.0,1.0,0.0
1.0,0.0,0.0,0.0,0.0,0.0,0.0,1.0,0.0,1.0,1.1645790235752658,-0.5302134361102985,3.1792423514854407,0.0,0.0,0.0,0.0,1.0,0.0
1.0,1.0,1.0,1.0,0.0,0.0,1.0,0.0,1.0,1.0,0.25875552003924973,-0.5302134361102985,-0.25834407128344566,0.0,0.0,0.0,0.0,0.0,0.0
1.0,1.0,0.0,0.0,0.0,0.0,0.0,0.0,0.0,1.0,-0.47220766382179097,0.5266068602348926,-0.20923569381531873,0.0,0.0,0.0,0.0,1.0,0.0
1.0,1.0,0.0,0.0,0.0,0.0,0.0,0.0,0.0,0.0,-0.2912311535931617,0.8224404445403419,-0.17240441071422352,0.0,1.0,0.0,0.0,0.0,0.0
1.0,0.0,0.0,0.0,0.0,0.0,0.0,1.0,0.0,1.0,-0.4626413144942811,-0.5302134361102985,-0.614379807927366,0.0,0.0,0.0,0.0,0.0,1.0
1.0,1.0,0.0,0.0,0.0,0.0,0.0,1.0,0.0,1.0,-0.46279813989309276,0.24916378813707007,0.17135423156266508,0.0,0.0,0.0,0.0,1.0,0.0
1.0,1.0,0.0,0.0,1.0,0.0,0.0,0.0,0.0,0.0,-0.41763242503534126,0.07762470013144501,-0.0005250895757792157,0.0,0.0,0.0,0.0,1.0,0.0
1.0,0.0,1.0,0.0,0.0,0.0,0.0,0.0,0.0,1.0,-0.45480004455369927,0.11725942471684822,-0.24606697691641394,0.0,0.0,0.0,0.0,1.0,0.0
1.0,0.0,1.0,0.0,0.0,0.0,0.0,0.0,0.0,1.0,-0.24277210536036584,-0.001961826836044617,-0.4547775811559534,0.0,0.0,0.0,0.0,1.0,0.0
1.0,1.0,0.0,1.0,0.0,0.0,0.0,1.0,0.0,1.0,5.284539075755784,0.9759060981350232,-0.31972954311860435,0.0,0.0,0.0,0.0,1.0,0.0
1.0,1.0,0.0,0.0,0.0,0.0,0.0,1.0,0.0,1.0,0.13847043915072405,0.9229541060889245,1.386786573898807,0.0,0.0,0.0,0.0,1.0,0.0
1.0,1.0,0.0,0.0,0.0,0.0,1.0,1.0,0.0,0.0,-0.3167936935994586,-0.13386619025626648,-0.22151278818235046,0.0,0.0,0.0,0.0,1.0,0.0
1.0,0.0,0.0,0.0,0.0,0.0,0.0,0.0,1.0,1.0,-0.3556863925047446,0.3947024968146706,0.1836313259296968,0.0,0.0,0.0,0.0,1.0,0.0
1.0,1.0,0.0,0.0,0.0,1.0,0.0,1.0,0.0,1.0,-0.09174924630475928,1.2530320924361624,0.7606547611801884,0.0,0.0,0.0,0.0,1.0,0.0
1.0,0.0,0.0,0.0,0.0,1.0,0.0,1.0,0.0,1.0,-0.28746734402168245,-0.5302134361102985,-0.4793317698900169,0.0,0.0,0.0,0.0,1.0,0.0
1.0,0.0,0.0,0.0,0.0,0.0,0.0,0.0,0.0,1.0,0.45212123677399835,0.6588283014517975,0.5028357794725219,0.0,0.0,0.0,0.0,1.0,0.0
1.0,1.0,0.0,0.0,0.0,0.0,0.0,0.0,0.0,1.0,-0.30628639187907886,0.09252735657555662,-0.36883792058673126,0.0,0.0,0.0,0.0,1.0,0.0
